user_id,kp_id,question_id,difficulty,type,recent_correct_rate,recent_attempts,recent_avg_duration_ms,is_correct
1,4,143,0.39,mcq,0.000,0,0,1
1,1,111,0.46,mcq,0.000,0,0,1
1,6,136,0.59,blank,0.000,0,0,1
1,1,283,0.42,mcq,1.000,1,12997,1
1,5,36,0.57,mcq,0.000,0,0,1
1,1,52,0.29,mcq,1.000,2,11990,0
1,7,108,0.41,blank,0.000,0,0,1
1,11,88,0.40,mcq,0.000,0,0,1
1,9,286,0.44,blank,0.000,0,0,0
1,4,17,0.31,mcq,1.000,1,9889,1
1,6,162,0.40,mcq,1.000,1,17554,1
1,4,136,0.35,mcq,1.000,2,9109,1
1,3,299,0.45,blank,0.000,0,0,0
1,7,25,0.10,blank,1.000,1,17360,1
1,2,198,0.51,mcq,0.000,0,0,0
1,7,6,0.28,blank,1.000,2,17060,1
1,11,175,0.40,mcq,1.000,1,19698,1
1,2,135,0.42,blank,0.000,1,20340,0
1,9,260,0.47,blank,0.000,1,16750,0
1,10,272,0.50,blank,0.000,0,0,0
1,1,158,0.28,blank,0.667,3,12252,1
1,4,249,0.80,mcq,1.000,3,9775,1
1,2,282,0.67,blank,0.000,2,19904,0
1,3,277,0.42,mcq,0.000,1,21666,1
1,12,192,0.35,blank,0.000,0,0,0
1,8,11,0.61,blank,0.000,0,0,1
1,10,31,0.22,blank,0.000,1,21354,1
1,4,143,0.49,blank,1.000,4,12422,1
1,11,296,0.23,mcq,1.000,2,14890,1
1,8,221,0.46,mcq,1.000,1,14695,1
1,6,51,0.27,mcq,1.000,2,15920,1
1,1,98,0.32,mcq,0.750,4,11859,1
1,9,39,0.27,blank,0.000,2,16187,1
1,8,277,0.58,blank,1.000,2,16014,0
1,1,249,0.85,mcq,0.800,5,12306,1
1,8,200,0.49,blank,0.667,3,15781,1
1,5,285,0.73,blank,1.000,1,12786,0
1,11,297,0.43,blank,1.000,3,13928,0
1,12,258,0.16,blank,0.000,1,13469,1
1,9,35,0.70,blank,0.333,3,15153,1
1,11,297,0.57,mcq,0.750,4,14629,1
1,10,162,0.52,mcq,0.500,2,15965,0
1,5,154,0.53,blank,0.500,2,16311,1
1,8,289,0.33,blank,0.750,4,16175,1
1,2,36,0.56,blank,0.000,3,20140,0
1,4,271,0.38,mcq,1.000,5,12969,1
1,1,69,0.34,mcq,0.833,6,13278,1
1,5,108,0.51,mcq,0.667,3,17266,1
1,12,129,0.30,mcq,0.500,2,11660,1
1,1,67,0.61,blank,0.857,7,12849,1
1,11,288,0.56,mcq,0.800,5,14478,0
1,1,19,0.78,mcq,0.875,8,13459,1
1,6,21,0.36,blank,1.000,3,15128,1
1,6,209,0.48,blank,1.000,4,14505,1
1,10,91,0.45,blank,0.333,3,17150,1
1,7,128,0.74,blank,1.000,3,14976,0
1,5,241,0.60,blank,0.750,4,16939,1
1,4,117,0.58,blank,1.000,6,13242,0
1,4,143,0.57,blank,0.857,7,14953,0
1,6,15,0.34,mcq,1.000,5,14932,1
1,2,20,0.55,mcq,0.000,4,20232,0
1,2,262,0.31,mcq,0.000,5,19834,1
1,2,1,0.27,blank,0.167,6,18437,1
1,9,101,0.65,mcq,0.500,4,17049,0
1,6,64,0.10,mcq,1.000,6,14287,1
1,12,152,0.62,mcq,0.667,3,13028,1
1,9,90,0.58,mcq,0.400,5,17518,0
1,10,108,0.28,mcq,0.500,4,15033,1
1,7,110,0.50,blank,0.750,4,16861,1
1,9,44,0.10,mcq,0.333,6,18239,1
1,5,121,0.20,blank,0.800,5,17448,1
1,11,244,0.33,blank,0.667,6,15313,1
1,10,100,0.49,mcq,0.600,5,14291,1
1,12,3,0.38,blank,0.750,4,13454,1
1,2,238,0.47,mcq,0.286,7,17865,0
1,1,238,0.10,blank,0.889,9,14437,1
1,11,227,0.22,blank,0.714,7,15576,1
1,10,229,0.60,mcq,0.667,6,14260,0
1,3,142,0.44,blank,0.500,2,20350,1
1,9,121,0.32,mcq,0.429,7,17219,1
2,10,245,0.48,mcq,0.000,0,0,0
2,1,215,0.59,blank,0.000,0,0,0
2,9,113,0.45,mcq,0.000,0,0,1
2,5,208,0.41,blank,0.000,0,0,0
2,12,14,0.55,blank,0.000,0,0,0
2,7,237,0.23,blank,0.000,0,0,1
2,3,195,0.62,blank,0.000,0,0,0
2,5,10,0.45,blank,0.000,1,18155,1
2,12,21,0.10,blank,0.000,1,22048,1
2,1,65,0.56,blank,0.000,1,19360,1
2,8,189,0.34,blank,0.000,0,0,0
2,3,84,0.10,mcq,0.000,1,21162,0
2,5,193,0.48,blank,0.500,2,13942,0
2,7,125,0.56,mcq,1.000,1,9717,0
2,2,290,0.40,mcq,0.000,0,0,0
2,1,175,0.34,blank,0.500,2,17304,1
2,1,236,0.65,blank,0.667,3,16621,0
2,12,276,0.51,mcq,0.500,2,14802,0
2,8,126,0.12,mcq,0.000,1,14232,1
2,2,195,0.41,mcq,0.000,1,15800,1
2,6,133,0.80,blank,0.000,0,0,1
2,6,265,0.41,mcq,1.000,1,19420,1
2,4,244,0.70,mcq,0.000,0,0,0
2,11,208,0.40,blank,0.000,0,0,1
2,12,177,0.46,blank,0.333,3,16683,0
2,7,157,0.68,blank,0.500,2,14429,0
2,5,95,0.49,blank,0.333,3,15675,0
2,4,269,0.49,mcq,0.000,1,23403,0
2,10,92,0.43,blank,0.000,1,18638,1
2,5,284,0.67,blank,0.250,4,17453,0
2,5,7,0.42,mcq,0.200,5,18229,1
2,10,130,0.41,blank,0.500,2,16979,0
2,8,28,0.50,mcq,0.500,2,12857,0
2,3,61,0.59,blank,0.000,2,15693,0
2,9,268,0.47,mcq,1.000,1,11215,1
2,7,157,0.26,mcq,0.333,3,16640,0
2,10,107,0.27,mcq,0.333,3,18206,0
2,11,39,0.51,blank,1.000,1,11191,1
2,3,119,0.65,mcq,0.000,3,18007,0
2,5,136,0.38,mcq,0.333,6,17325,1
2,11,116,0.18,blank,1.000,2,14962,1
2,11,158,0.53,blank,1.000,3,12872,1
2,10,156,0.45,blank,0.250,4,17126,1
2,12,21,0.33,mcq,0.250,4,18067,1
2,7,295,0.43,blank,0.250,4,16731,1
2,10,21,0.90,mcq,0.400,5,15928,0
2,3,300,0.19,mcq,0.000,4,18707,1
2,7,171,0.31,blank,0.400,5,15530,1
2,6,148,0.28,blank,1.000,2,18294,1
2,11,162,0.76,mcq,1.000,4,13900,0
2,5,1,0.24,mcq,0.429,7,16242,1
2,11,256,0.59,blank,0.800,5,15236,0
2,11,148,0.40,blank,0.667,6,15697,1
2,8,123,0.60,blank,0.333,3,15105,0
2,12,59,0.57,mcq,0.400,5,17281,1
2,8,150,0.70,blank,0.250,4,15894,0
2,9,234,0.40,mcq,1.000,2,11241,1
2,9,70,0.52,mcq,1.000,3,11257,0
2,2,260,0.40,mcq,0.500,2,16231,0
2,5,251,0.51,blank,0.500,8,16436,1
2,3,194,0.25,blank,0.200,5,17363,0
2,8,197,0.78,mcq,0.200,5,16749,1
2,4,196,0.56,blank,0.000,2,22568,0
2,7,19,0.77,mcq,0.500,6,14701,1
2,3,226,0.21,mcq,0.167,6,17302,0
2,2,80,0.25,mcq,0.333,3,18197,1
2,2,42,0.10,blank,0.500,4,16546,1
2,6,250,0.66,blank,1.000,3,14869,1
2,9,117,0.52,mcq,0.750,4,13579,0
2,12,52,0.87,mcq,0.500,6,17491,0
2,8,29,0.53,blank,0.333,6,16676,1
2,5,93,0.33,blank,0.556,9,16089,1
2,3,255,0.56,blank,0.143,7,17040,0
2,10,5,0.57,blank,0.333,6,16741,1
2,8,177,0.67,blank,0.429,7,16742,0
2,10,155,0.31,mcq,0.429,7,16930,1
2,4,184,0.80,blank,0.000,3,20962,0
2,10,203,0.37,blank,0.500,8,17165,0
2,5,255,0.81,mcq,0.600,10,15981,0
2,5,98,0.47,mcq,0.600,10,16463,1
3,5,188,0.36,blank,0.000,0,0,0
3,9,247,0.31,blank,0.000,0,0,0
3,5,73,0.45,blank,0.000,1,19657,0
3,4,286,0.63,mcq,0.000,0,0,0
3,6,189,0.60,blank,0.000,0,0,1
3,11,191,0.45,blank,0.000,0,0,1
3,2,168,0.36,mcq,0.000,0,0,0
3,10,155,0.46,mcq,0.000,0,0,0
3,11,253,0.37,mcq,1.000,1,12439,1
3,2,277,0.76,blank,0.000,1,14775,0
3,7,251,0.20,mcq,0.000,0,0,1
3,10,228,0.10,blank,0.000,1,19427,1
3,8,279,0.79,blank,0.000,0,0,0
3,11,233,0.34,blank,1.000,2,13296,1
3,2,171,0.32,mcq,0.000,2,19933,1
3,4,284,0.77,blank,0.000,1,17522,0
3,4,2,0.17,blank,0.000,2,19701,1
3,5,90,0.51,blank,0.000,2,17870,1
3,2,122,0.43,blank,0.333,3,16532,0
3,10,270,0.40,blank,0.500,2,16492,0
3,2,56,0.44,mcq,0.250,4,16812,1
3,8,267,0.10,blank,0.000,1,20940,1
3,5,206,0.10,blank,0.333,3,16604,1
3,7,42,0.37,mcq,1.000,1,9331,1
3,6,281,0.40,blank,1.000,1,17570,1
3,12,221,0.19,mcq,0.000,0,0,1
3,2,283,0.47,mcq,0.400,5,15747,0
3,12,233,0.58,mcq,1.000,1,18419,1
3,7,192,0.38,mcq,1.000,2,10039,1
3,3,222,0.37,blank,0.000,0,0,1
3,2,288,0.44,blank,0.333,6,16039,1
3,9,217,0.41,blank,0.000,1,16654,1
3,12,260,0.59,blank,1.000,2,16177,1
3,4,285,0.57,mcq,0.333,3,16016,1
3,6,288,0.56,blank,1.000,2,15385,1
3,10,137,0.25,blank,0.333,3,17389,0
3,1,4,0.57,blank,0.000,0,0,1
3,3,16,0.61,mcq,1.000,1,10838,1
3,2,190,0.45,mcq,0.429,7,15450,1
3,5,27,0.39,mcq,0.500,4,15423,1
3,3,218,0.59,mcq,1.000,2,12394,1
3,8,177,0.30,blank,0.500,2,15497,1
3,7,158,0.66,mcq,1.000,3,11402,1
3,1,109,0.55,blank,1.000,1,19351,1
3,3,221,0.46,blank,1.000,3,14577,1
3,3,182,0.60,blank,1.000,4,14057,1
3,2,40,0.21,mcq,0.500,8,15096,1
3,6,59,0.24,mcq,1.000,3,15938,1
3,7,186,0.61,mcq,1.000,4,13378,0
3,2,41,0.37,mcq,0.556,9,14979,1
3,7,40,0.65,blank,0.800,5,14820,0
3,9,180,0.30,blank,0.500,2,15822,1
3,12,132,0.70,blank,1.000,3,16365,1
3,4,253,0.50,mcq,0.500,4,16553,1
3,8,290,0.46,mcq,0.667,3,14011,0
3,11,78,0.28,mcq,1.000,3,13857,1
3,8,29,0.63,blank,0.500,4,14078,1
3,6,147,0.29,mcq,1.000,4,14553,1
3,2,197,0.15,blank,0.600,10,14872,1
3,8,293,0.10,mcq,0.600,5,14791,1
3,11,231,0.54,mcq,1.000,4,12836,0
3,2,89,0.58,mcq,0.700,10,13927,1
3,1,82,0.45,mcq,1.000,2,20994,1
3,6,27,0.35,mcq,1.000,5,14130,1
3,11,146,0.41,blank,0.800,5,14802,1
3,5,171,0.41,mcq,0.600,5,14233,0
3,2,201,0.36,blank,0.800,10,12569,0
3,3,169,0.10,blank,1.000,5,14940,1
3,3,270,0.29,mcq,1.000,6,13597,1
3,2,93,0.34,blank,0.700,10,13264,1
3,4,80,0.28,blank,0.600,5,16493,0
3,2,270,0.36,mcq,0.800,10,12593,1
3,1,79,0.26,mcq,1.000,3,19700,1
3,3,225,0.57,mcq,1.000,7,12844,0
3,1,146,0.22,blank,1.000,4,16707,1
3,12,241,0.48,blank,1.000,4,16390,0
3,4,145,0.16,mcq,0.500,6,17071,1
3,7,71,0.26,blank,0.667,6,15324,1
3,5,265,0.65,blank,0.500,6,14240,0
3,2,76,0.38,blank,0.800,10,13198,0
4,2,147,0.59,mcq,0.000,0,0,1
4,8,3,0.42,mcq,0.000,0,0,1
4,2,271,0.57,blank,1.000,1,12994,0
4,7,215,0.56,blank,0.000,0,0,1
4,11,275,0.50,blank,0.000,0,0,0
4,1,1,0.29,mcq,0.000,0,0,1
4,10,269,0.31,blank,0.000,0,0,1
4,6,284,0.65,mcq,0.000,0,0,0
4,1,130,0.29,mcq,1.000,1,10079,0
4,12,54,0.77,blank,0.000,0,0,0
4,10,90,0.43,blank,1.000,1,15304,1
4,11,33,0.18,mcq,0.000,1,16391,1
4,12,103,0.48,blank,0.000,1,22635,1
4,1,243,0.39,blank,0.500,2,14193,0
4,5,25,0.70,blank,0.000,0,0,0
4,11,226,0.40,blank,0.500,2,14195,0
4,7,266,0.39,mcq,1.000,1,17088,1
4,5,93,0.54,blank,0.000,1,22256,1
4,9,229,0.43,blank,0.000,0,0,1
4,10,181,0.43,mcq,1.000,2,13642,1
4,10,39,0.59,mcq,1.000,3,13313,0
4,11,16,0.34,mcq,0.333,3,15788,1
4,3,121,0.61,mcq,0.000,0,0,1
4,11,231,0.33,mcq,0.500,4,14656,1
4,6,204,0.24,mcq,0.000,1,22064,1
4,6,256,0.37,blank,0.500,2,18488,1
4,9,229,0.27,blank,1.000,1,15246,1
4,4,63,0.60,mcq,0.000,0,0,1
4,3,45,0.57,mcq,1.000,1,13225,1
4,11,282,0.90,mcq,0.600,5,14687,0
4,9,90,0.41,blank,1.000,2,14817,1
4,6,253,0.36,blank,0.667,3,16293,1
4,1,67,0.30,mcq,0.333,3,16004,0
4,10,246,0.50,blank,0.750,4,15011,0
4,9,163,0.29,mcq,1.000,3,15206,1
4,11,283,0.63,mcq,0.500,6,15958,1
4,11,29,0.19,blank,0.571,7,16223,1
4,2,116,0.30,blank,0.500,2,16547,1
4,6,101,0.66,blank,0.750,4,15528,1
4,11,48,0.59,mcq,0.625,8,15322,0
4,9,173,0.30,mcq,1.000,4,14876,1
4,10,296,0.80,blank,0.600,5,15685,0
4,5,255,0.27,mcq,0.500,2,16966,1
4,11,208,0.20,blank,0.556,9,15789,1
4,5,238,0.19,blank,0.667,3,14238,1
4,4,177,0.40,mcq,1.000,1,16123,1
4,7,239,0.57,mcq,1.000,2,16056,1
4,2,197,0.44,blank,0.667,3,15141,1
4,10,296,0.10,mcq,0.500,6,17045,1
4,12,256,0.33,mcq,0.500,2,17348,1
4,5,124,0.37,blank,0.750,4,13763,1
4,4,241,0.40,blank,1.000,2,15525,1
4,5,188,0.11,mcq,0.800,5,13706,1
4,7,284,0.33,mcq,1.000,3,16562,1
4,5,61,0.64,mcq,0.833,6,12958,1
4,3,188,0.63,mcq,1.000,2,13430,1
4,3,71,0.52,mcq,1.000,3,14335,1
4,12,264,0.35,mcq,0.667,3,17202,1
4,3,154,0.33,blank,1.000,4,15261,0
4,10,154,0.28,mcq,0.571,7,16518,1
4,8,299,0.52,mcq,1.000,1,12718,0
4,5,243,0.53,mcq,0.857,7,13679,1
4,5,27,0.76,mcq,0.875,8,13414,1
4,10,195,0.23,mcq,0.625,8,16493,1
4,3,98,0.51,mcq,0.800,5,16216,1
4,1,257,0.28,mcq,0.250,4,16776,1
4,10,71,0.77,mcq,0.667,9,16012,1
4,9,161,0.49,mcq,1.000,5,13896,1
4,3,136,0.23,mcq,0.833,6,15751,1
4,10,153,0.10,blank,0.700,10,15992,1
4,5,287,0.37,mcq,0.889,9,13834,1
4,12,203,0.44,mcq,0.750,4,16810,1
4,6,41,0.76,blank,0.800,5,15600,1
4,6,276,0.68,mcq,0.833,6,15812,1
4,5,123,0.70,blank,0.900,10,13431,1
4,4,52,0.82,blank,1.000,3,14821,1
4,7,282,0.35,mcq,1.000,4,16130,1
4,3,103,0.10,mcq,0.857,7,15299,1
4,5,294,0.34,mcq,1.000,10,12792,1
4,4,90,0.17,mcq,1.000,4,16254,1
5,6,69,0.33,mcq,0.000,0,0,1
5,9,235,0.33,blank,0.000,0,0,1
5,11,291,0.44,mcq,0.000,0,0,0
5,11,219,0.46,mcq,0.000,1,19939,0
5,9,245,0.36,blank,1.000,1,13340,0
5,6,137,0.47,blank,1.000,1,20339,1
5,6,121,0.36,blank,1.000,2,17428,0
5,1,160,0.35,blank,0.000,0,0,1
5,12,113,0.75,blank,0.000,0,0,0
5,3,282,0.25,mcq,0.000,0,0,1
5,8,42,0.46,mcq,0.000,0,0,0
5,9,32,0.18,blank,0.500,2,16472,1
5,9,267,0.55,mcq,0.667,3,15147,1
5,8,262,0.54,mcq,0.000,1,14084,1
5,8,30,0.52,mcq,0.500,2,15352,1
5,9,2,0.13,mcq,0.750,4,15016,1
5,12,278,0.46,mcq,0.000,1,25701,0
5,1,210,0.51,mcq,1.000,1,10773,1
5,3,216,0.49,mcq,1.000,1,12418,0
5,6,193,0.63,mcq,0.667,3,18646,0
5,2,179,0.34,mcq,0.000,0,0,1
5,2,115,0.55,mcq,1.000,1,9737,0
5,1,218,0.47,mcq,1.000,2,12771,0
5,9,97,0.36,mcq,0.800,5,14343,1
5,12,9,0.45,mcq,0.000,2,22611,1
5,4,25,0.47,blank,0.000,0,0,1
5,4,29,0.44,blank,1.000,1,15780,1
5,3,164,0.30,mcq,0.500,2,13512,0
5,10,74,0.23,blank,0.000,0,0,1
5,11,90,0.27,blank,0.000,2,18424,1
5,11,196,0.35,blank,0.333,3,16230,1
5,9,276,0.37,blank,0.833,6,14371,1
5,8,238,0.46,mcq,0.667,3,14465,1
5,1,125,0.10,mcq,0.667,3,12417,1
5,5,48,0.53,mcq,0.000,0,0,0
5,9,21,0.43,blank,0.857,7,14577,0
5,2,246,0.57,mcq,0.500,2,16048,1
5,4,98,0.56,mcq,1.000,2,13758,1
5,12,105,0.90,mcq,0.333,3,19679,1
5,7,274,0.65,mcq,0.000,0,0,1
5,11,51,0.36,mcq,0.500,4,14757,1
5,12,212,0.11,mcq,0.500,4,21364,1
5,1,300,0.33,blank,0.750,4,11237,1
5,10,292,0.42,blank,1.000,1,9608,1
5,4,251,0.19,mcq,1.000,3,13865,1
5,12,87,0.32,blank,0.600,5,19341,0
5,3,31,0.41,mcq,0.333,3,14529,0
5,9,4,0.79,mcq,0.750,8,14827,0
5,7,112,0.62,blank,1.000,1,15146,1
5,9,248,0.39,mcq,0.667,9,15791,0
5,11,272,0.43,mcq,0.600,5,14773,1
5,12,221,0.37,blank,0.500,6,18545,0
5,3,270,0.51,blank,0.250,4,14670,1
5,5,208,0.51,blank,0.000,1,22752,1
5,8,42,0.10,blank,0.750,4,14916,1
5,11,194,0.71,blank,0.667,6,14673,0
5,9,223,0.20,mcq,0.600,10,16003,1
5,11,271,0.50,mcq,0.571,7,15624,1
5,1,139,0.50,mcq,0.800,5,11451,1
5,1,17,0.69,blank,0.833,6,12930,0
5,3,204,0.59,mcq,0.400,5,14908,0
5,2,277,0.38,mcq,0.667,3,17266,0
5,6,41,0.23,mcq,0.500,4,19086,1
5,9,39,0.45,blank,0.600,10,15858,1
5,6,168,0.25,mcq,0.600,5,18167,0
5,1,284,0.24,mcq,0.714,7,13879,1
5,7,152,0.20,mcq,1.000,2,17104,1
5,4,79,0.43,blank,1.000,4,13215,1
5,12,228,0.32,blank,0.429,7,19364,0
5,6,286,0.46,blank,0.500,6,17461,1
5,9,167,0.37,blank,0.700,10,15102,1
5,7,287,0.64,mcq,1.000,3,15736,0
5,4,155,0.35,blank,1.000,5,13209,1
5,5,248,0.38,mcq,0.500,2,18010,1
5,2,101,0.17,mcq,0.500,4,18104,1
5,8,195,0.57,mcq,0.800,5,13368,1
5,6,70,0.27,mcq,0.571,7,16868,1
5,5,204,0.26,blank,0.667,3,16559,1
5,6,125,0.38,mcq,0.625,8,16415,1
5,6,289,0.21,blank,0.667,9,16509,1
6,11,217,0.20,blank,0.000,0,0,1
6,7,260,0.90,mcq,0.000,0,0,0
6,12,275,0.41,mcq,0.000,0,0,0
6,10,182,0.40,mcq,0.000,0,0,0
6,3,205,0.42,mcq,0.000,0,0,0
6,6,262,0.64,blank,0.000,0,0,1
6,12,201,0.21,mcq,0.000,1,18220,1
6,8,13,0.48,mcq,0.000,0,0,1
6,8,73,0.60,mcq,1.000,1,11502,1
6,6,244,0.37,blank,1.000,1,16071,1
6,2,59,0.19,blank,0.000,0,0,1
6,1,125,0.60,mcq,0.000,0,0,1
6,9,119,0.50,mcq,0.000,0,0,0
6,7,102,0.37,mcq,0.000,1,27227,1
6,8,33,0.30,mcq,1.000,2,14629,1
6,10,235,0.74,blank,0.000,1,17006,0
6,2,199,0.42,mcq,1.000,1,12774,0
6,10,89,0.38,blank,0.000,2,20972,0
6,11,69,0.41,mcq,1.000,1,11355,1
6,6,262,0.56,blank,1.000,2,16059,0
6,7,276,0.36,blank,0.500,2,19753,1
6,12,148,0.81,blank,0.500,2,14701,1
6,3,5,0.58,mcq,0.000,1,17406,0
6,8,254,0.67,mcq,1.000,3,13501,0
6,7,43,0.38,mcq,0.667,3,17850,1
6,10,276,0.75,blank,0.000,3,20094,0
6,5,282,0.55,mcq,0.000,0,0,0
6,9,188,0.52,mcq,0.000,1,20296,0
6,9,218,0.47,mcq,0.000,2,20152,1
6,2,17,0.43,blank,0.500,2,17903,0
6,8,61,0.42,blank,0.750,4,16244,0
6,4,220,0.52,mcq,0.000,0,0,0
6,3,292,0.21,mcq,0.000,2,20917,1
6,6,150,0.21,blank,0.667,3,17772,0
6,5,49,0.10,mcq,0.000,1,21981,1
6,3,65,0.76,mcq,0.333,3,16830,0
6,12,202,0.54,mcq,0.667,3,15117,0
6,8,39,0.61,mcq,0.600,5,17598,1
6,11,189,0.54,mcq,1.000,2,11619,0
6,8,48,0.60,blank,0.667,6,17843,0
6,12,274,0.70,mcq,0.500,4,15857,0
6,7,146,0.49,blank,0.750,4,16169,1
6,6,25,0.36,mcq,0.500,4,17046,0
6,1,81,0.71,mcq,1.000,1,13287,1
6,8,68,0.10,mcq,0.571,7,18086,0
6,11,185,0.33,mcq,0.667,3,12849,1
6,5,157,0.68,mcq,0.500,2,14729,1
6,12,1,0.41,mcq,0.400,5,16846,0
6,4,5,0.35,blank,0.000,1,23241,0
6,1,68,0.34,mcq,1.000,2,16656,1
6,8,161,0.61,mcq,0.500,8,17862,1
6,6,69,0.52,mcq,0.400,5,17021,0
6,11,85,0.55,mcq,0.750,4,14090,1
6,8,227,0.38,mcq,0.556,9,17807,0
6,4,197,0.52,mcq,0.000,2,20346,0
6,6,44,0.60,blank,0.333,6,17240,1
6,4,14,0.22,mcq,0.000,3,20179,0
6,11,201,0.54,mcq,0.800,5,14379,1
6,5,198,0.26,mcq,0.667,3,16153,1
6,2,7,0.46,blank,0.333,3,16767,0
6,6,188,0.54,mcq,0.429,7,17024,1
6,9,9,0.33,mcq,0.333,3,18108,1
6,10,204,0.58,blank,0.000,4,20770,1
6,9,206,0.39,mcq,0.500,4,15839,1
6,2,41,0.31,blank,0.250,4,18108,1
6,9,34,0.88,blank,0.600,5,16165,0
6,5,45,0.36,mcq,0.750,4,14271,1
6,7,90,0.63,blank,0.800,5,16426,0
6,2,178,0.55,blank,0.400,5,16545,0
6,9,138,0.12,blank,0.500,6,16856,1
6,12,140,0.68,blank,0.333,6,16733,0
6,9,234,0.71,mcq,0.571,7,15863,1
6,9,131,0.31,mcq,0.625,8,16265,1
6,2,2,0.66,blank,0.333,6,17067,0
6,1,77,0.47,blank,1.000,3,14012,1
6,3,215,0.77,mcq,0.250,4,17889,0
6,4,40,0.37,mcq,0.000,4,18765,1
6,10,265,0.30,mcq,0.200,5,19964,1
6,1,160,0.52,mcq,1.000,4,14086,1
6,6,156,0.62,blank,0.500,8,16760,1
7,11,193,0.65,mcq,0.000,0,0,1
7,12,252,0.44,mcq,0.000,0,0,1
7,1,119,0.55,blank,0.000,0,0,1
7,9,298,0.12,mcq,0.000,0,0,1
7,2,32,0.19,blank,0.000,0,0,1
7,7,202,0.40,blank,0.000,0,0,0
7,12,104,0.53,mcq,1.000,1,13095,1
7,3,239,0.49,blank,0.000,0,0,1
7,6,158,0.26,mcq,0.000,0,0,1
7,8,21,0.44,blank,0.000,0,0,1
7,4,183,0.53,blank,0.000,0,0,1
7,7,16,0.18,blank,0.000,1,16673,0
7,7,53,0.59,mcq,0.000,2,15759,1
7,3,102,0.50,mcq,1.000,1,11679,1
7,7,133,0.27,mcq,0.333,3,15025,1
7,2,66,0.52,mcq,1.000,1,11203,1
7,2,237,0.73,blank,1.000,2,13254,1
7,1,16,0.57,mcq,1.000,1,15341,1
7,7,144,0.40,blank,0.500,4,14974,1
7,8,152,0.49,mcq,1.000,1,15554,1
7,8,71,0.26,blank,1.000,2,14968,1
7,7,279,0.57,mcq,0.600,5,14469,1
7,1,249,0.76,blank,1.000,2,16986,0
7,6,164,0.63,blank,1.000,1,13888,1
7,10,242,0.52,mcq,0.000,0,0,1
7,9,127,0.30,blank,1.000,1,13236,1
7,11,113,0.46,mcq,1.000,1,12429,0
7,10,89,0.63,blank,1.000,1,20503,0
7,3,15,0.46,mcq,1.000,2,13625,1
7,12,97,0.32,mcq,1.000,2,13252,1
7,8,113,0.34,blank,1.000,3,14556,1
7,1,67,0.44,mcq,0.667,3,18614,1
7,6,12,0.37,mcq,1.000,2,14462,1
7,3,187,0.11,mcq,1.000,3,14663,1
7,2,155,0.15,blank,1.000,3,13875,1
7,6,250,0.52,mcq,1.000,3,12281,0
7,11,183,0.33,mcq,0.500,2,17030,0
7,4,151,0.28,blank,1.000,1,13477,1
7,3,291,0.45,mcq,1.000,4,12843,1
7,1,290,0.52,mcq,0.750,4,17536,1
7,2,164,0.54,mcq,1.000,4,14167,1
7,3,172,0.15,mcq,1.000,5,13192,1
7,8,56,0.57,mcq,1.000,4,14091,1
7,12,212,0.63,mcq,1.000,3,11173,0
7,8,296,0.57,blank,1.000,5,14473,0
7,11,18,0.46,mcq,0.333,3,18214,0
7,5,193,0.59,blank,0.000,0,0,1
7,3,248,0.42,mcq,1.000,6,11979,1
7,12,81,0.87,blank,0.750,4,13518,0
7,1,277,0.55,blank,0.800,5,17464,0
7,5,282,0.37,blank,1.000,1,16311,1
7,8,246,0.55,mcq,0.833,6,15112,1
7,4,243,0.55,mcq,1.000,2,10956,0
7,2,47,0.39,mcq,1.000,5,14326,1
7,11,229,0.34,mcq,0.250,4,17834,1
7,1,32,0.43,blank,0.667,6,17984,1
7,3,278,0.45,blank,1.000,7,11834,1
7,7,268,0.69,mcq,0.667,6,15513,0
7,7,121,0.72,mcq,0.571,7,16243,0
7,8,293,0.40,mcq,0.857,7,15454,1
7,9,230,0.53,mcq,1.000,2,14216,1
7,3,22,0.55,blank,1.000,8,11696,1
7,7,76,0.69,blank,0.500,8,16813,0
7,10,199,0.43,mcq,0.500,2,18715,1
7,9,7,0.32,blank,1.000,3,13423,1
7,12,76,0.29,mcq,0.600,5,15738,1
7,10,289,0.19,mcq,0.667,3,19028,1
7,2,136,0.53,mcq,1.000,6,14600,0
7,7,207,0.32,mcq,0.444,9,17509,1
7,3,170,0.25,mcq,1.000,9,12082,1
7,12,11,0.47,mcq,0.667,6,14847,0
7,6,51,0.51,blank,0.750,4,14294,1
7,4,138,0.77,mcq,0.667,3,14164,0
7,12,209,0.23,blank,0.571,7,15984,1
7,12,82,0.23,blank,0.625,8,15673,1
7,2,292,0.37,blank,0.857,7,14581,0
7,1,17,0.62,blank,0.714,7,17841,1
7,8,238,0.61,blank,0.875,8,15539,1
7,9,251,0.12,mcq,1.000,4,13617,1
7,10,177,0.10,mcq,0.750,4,16543,1
8,7,243,0.10,mcq,0.000,0,0,1
8,3,157,0.30,blank,0.000,0,0,1
8,12,179,0.70,mcq,0.000,0,0,0
8,8,204,0.45,mcq,0.000,0,0,0
8,10,192,0.62,mcq,0.000,0,0,0
8,9,33,0.30,blank,0.000,0,0,1
8,6,153,0.71,mcq,0.000,0,0,0
8,4,207,0.63,mcq,0.000,0,0,0
8,11,152,0.41,blank,0.000,0,0,1
8,5,293,0.60,mcq,0.000,0,0,0
8,4,244,0.29,mcq,0.000,1,24006,0
8,11,286,0.35,blank,1.000,1,15140,0
8,3,287,0.39,mcq,1.000,1,9930,0
8,3,115,0.81,mcq,0.500,2,15191,0
8,12,300,0.58,mcq,0.000,1,20694,0
8,5,298,0.36,blank,0.000,1,18827,0
8,10,196,0.79,mcq,0.000,1,22262,0
8,9,103,0.43,mcq,1.000,1,9882,1
8,6,162,0.25,mcq,0.000,1,21219,1
8,12,161,0.48,blank,0.000,2,19382,0
8,11,296,0.63,blank,0.500,2,17015,0
8,3,220,0.14,blank,0.333,3,17134,1
8,7,192,0.26,blank,1.000,1,9783,1
8,1,3,0.69,mcq,0.000,0,0,1
8,11,53,0.44,mcq,0.333,3,18540,1
8,7,149,0.30,blank,1.000,2,11595,1
8,8,69,0.42,blank,0.000,1,21172,0
8,6,207,0.66,mcq,0.500,2,17505,1
8,1,259,0.49,blank,1.000,1,14588,0
8,3,131,0.65,mcq,0.500,4,15604,1
8,9,11,0.28,blank,1.000,2,12430,1
8,1,243,0.38,blank,0.500,2,18725,1
8,12,52,0.61,mcq,0.000,3,19489,0
8,11,54,0.20,mcq,0.500,4,17019,1
8,9,102,0.43,blank,1.000,3,11613,1
8,10,210,0.49,mcq,0.000,2,23509,1
8,5,247,0.57,mcq,0.000,2,18227,0
8,6,294,0.45,blank,0.667,3,17282,1
8,11,52,0.10,mcq,0.600,5,15808,1
8,5,26,0.33,mcq,0.000,3,19657,1
8,2,161,0.59,mcq,0.000,0,0,1
8,7,71,0.44,mcq,1.000,3,11899,1
8,11,138,0.35,mcq,0.667,6,14911,0
8,12,234,0.73,blank,0.000,4,20483,0
8,5,86,0.59,mcq,0.250,4,17431,0
8,2,54,0.65,mcq,1.000,1,11405,0
8,7,195,0.63,mcq,1.000,4,12228,0
8,6,67,0.18,mcq,0.750,4,16669,0
8,8,134,0.53,mcq,0.000,2,17916,1
8,11,296,0.34,mcq,0.571,7,14989,0
8,12,268,0.10,mcq,0.000,5,21235,1
8,12,178,0.43,mcq,0.167,6,18938,1
8,11,28,0.37,mcq,0.500,8,15698,1
8,1,85,0.38,mcq,0.667,3,16202,0
8,2,260,0.45,blank,0.500,2,17561,1
8,4,228,0.28,mcq,0.000,2,21906,1
8,10,255,0.11,mcq,0.333,3,21265,1
8,12,1,0.40,mcq,0.286,7,18095,0
8,2,288,0.57,mcq,0.667,3,15780,0
8,4,115,0.34,blank,0.333,3,18483,0
8,8,187,0.30,mcq,0.333,3,16857,1
8,12,182,0.37,mcq,0.250,8,17942,1
8,11,24,0.60,mcq,0.556,9,15203,0
8,3,131,0.12,mcq,0.600,5,16401,1
8,10,98,0.48,mcq,0.500,4,18935,1
8,12,64,0.29,blank,0.333,9,17482,0
8,8,3,0.22,mcq,0.500,4,16717,0
8,9,261,0.43,mcq,1.000,4,11950,1
8,3,165,0.41,mcq,0.667,6,15436,1
8,9,128,0.59,mcq,1.000,5,11760,0
8,5,71,0.32,blank,0.200,5,17307,0
8,7,281,0.15,mcq,0.800,5,13579,1
8,6,149,0.35,mcq,0.600,5,15715,1
8,11,92,0.30,mcq,0.500,10,15652,1
8,9,288,0.20,mcq,0.833,6,12848,1
8,8,274,0.10,mcq,0.400,5,16674,1
8,5,196,0.59,blank,0.167,6,17453,1
8,3,147,0.51,blank,0.714,7,15014,0
8,11,278,0.45,mcq,0.500,10,15704,1
8,1,288,0.33,mcq,0.500,4,16269,1
9,9,227,0.73,blank,0.000,0,0,0
9,4,280,0.69,mcq,0.000,0,0,0
9,12,91,0.20,mcq,0.000,0,0,1
9,11,21,0.86,mcq,0.000,0,0,1
9,7,3,0.42,blank,0.000,0,0,0
9,6,27,0.10,blank,0.000,0,0,1
9,11,184,0.25,mcq,1.000,1,22228,1
9,2,35,0.48,blank,0.000,0,0,1
9,9,110,0.57,mcq,0.000,1,23130,1
9,11,272,0.37,blank,1.000,2,15901,1
9,8,178,0.79,mcq,0.000,0,0,1
9,8,21,0.47,mcq,1.000,1,18324,1
9,11,132,0.58,mcq,1.000,3,15752,1
9,9,264,0.44,mcq,0.500,2,20811,0
9,9,264,0.40,mcq,0.333,3,19797,1
9,2,4,0.55,mcq,1.000,1,12663,1
9,11,218,0.70,mcq,1.000,4,15409,0
9,2,223,0.54,mcq,1.000,2,13908,0
9,11,170,0.48,mcq,0.800,5,16894,1
9,1,295,0.50,mcq,0.000,0,0,1
9,4,162,0.61,mcq,0.000,1,19202,1
9,1,33,0.38,blank,1.000,1,15451,1
9,12,55,0.21,blank,1.000,1,8806,1
9,5,225,0.49,blank,0.000,0,0,1
9,7,70,0.24,mcq,0.000,1,20017,1
9,12,74,0.20,mcq,1.000,2,9166,0
9,5,192,0.27,mcq,1.000,1,12759,1
9,1,202,0.23,blank,1.000,2,14909,1
9,9,177,0.38,blank,0.500,4,18358,1
9,4,114,0.23,mcq,0.500,2,17058,1
9,10,28,0.51,blank,0.000,0,0,1
9,9,51,0.23,blank,0.600,5,17330,1
9,4,121,0.42,blank,0.667,3,15913,1
9,2,169,0.44,blank,0.667,3,17282,1
9,10,162,0.30,blank,1.000,1,13704,1
9,7,224,0.53,mcq,0.500,2,17078,1
9,5,237,0.50,mcq,1.000,2,10037,0
9,8,42,0.35,mcq,1.000,2,18244,1
9,5,40,0.51,mcq,0.667,3,12654,1
9,12,298,0.48,mcq,0.667,3,12189,1
9,10,279,0.25,mcq,1.000,2,11537,1
9,9,149,0.14,blank,0.667,6,16527,1
9,3,123,0.24,blank,0.000,0,0,1
9,10,290,0.33,blank,1.000,3,12320,1
9,10,184,0.20,mcq,1.000,4,11512,1
9,1,22,0.49,blank,1.000,3,13524,1
9,11,233,0.56,blank,0.833,6,16388,1
9,1,141,0.70,blank,1.000,4,14573,0
9,12,188,0.43,blank,0.750,4,12890,1
9,10,115,0.25,mcq,1.000,5,10375,1
9,9,4,0.17,blank,0.714,7,15805,1
9,9,144,0.59,blank,0.750,8,15538,1
9,4,118,0.51,mcq,0.750,4,14725,1
9,7,108,0.56,mcq,0.667,3,17120,1
9,10,294,0.63,blank,1.000,6,10005,1
9,10,29,0.58,blank,1.000,7,11516,1
9,3,289,0.44,mcq,1.000,1,12538,1
9,11,44,0.74,mcq,0.857,7,17036,1
9,4,211,0.10,mcq,0.800,5,15045,1
9,10,262,0.60,mcq,1.000,8,12451,1
9,5,36,0.59,mcq,0.750,4,13011,1
9,4,259,0.38,blank,0.833,6,14648,1
9,11,20,0.36,blank,0.875,8,17192,1
9,9,277,0.36,mcq,0.778,9,15400,1
9,1,190,0.70,mcq,0.800,5,16123,1
9,1,196,0.39,mcq,0.833,6,15897,1
9,6,51,0.20,mcq,1.000,1,11436,1
9,7,146,0.59,blank,0.750,4,15838,0
9,10,4,0.58,blank,1.000,9,13153,1
9,10,162,0.23,blank,1.000,10,13256,1
9,7,275,0.38,mcq,0.600,5,17103,1
9,7,105,0.22,mcq,0.667,6,16700,1
9,7,248,0.23,blank,0.714,7,15787,1
9,5,71,0.69,mcq,0.800,5,14275,1
9,11,52,0.55,mcq,0.889,9,16838,0
9,4,27,0.13,mcq,0.857,7,14626,1
9,3,242,0.25,mcq,1.000,2,14220,1
9,10,20,0.39,blank,1.000,10,13024,1
9,12,30,0.10,mcq,0.800,5,13771,1
9,3,266,0.33,blank,1.000,3,14255,1
10,7,47,0.35,blank,0.000,0,0,0
10,9,142,0.38,mcq,0.000,0,0,1
10,4,134,0.36,mcq,0.000,0,0,0
10,3,60,0.38,blank,0.000,0,0,1
10,9,227,0.80,mcq,1.000,1,18119,0
10,7,235,0.17,mcq,0.000,1,18138,0
10,11,35,0.22,blank,0.000,0,0,1
10,7,162,0.10,mcq,0.000,2,15732,1
10,7,128,0.66,blank,0.333,3,12155,0
10,5,92,0.67,mcq,0.000,0,0,1
10,8,98,0.40,mcq,0.000,0,0,1
10,8,118,0.44,blank,1.000,1,15423,1
10,4,62,0.62,blank,0.000,1,16265,0
10,2,278,0.33,mcq,0.000,0,0,0
10,1,295,0.55,blank,0.000,0,0,0
10,5,114,0.10,mcq,1.000,1,19160,1
10,10,17,0.60,mcq,0.000,0,0,0
10,9,62,0.24,mcq,0.500,2,19699,1
10,12,195,0.29,blank,0.000,0,0,0
10,10,135,0.59,mcq,0.000,1,22429,1
10,4,218,0.39,blank,0.000,2,16329,1
10,4,231,0.19,blank,0.333,3,17552,1
10,3,139,0.10,mcq,1.000,1,14197,1
10,4,77,0.12,blank,0.500,4,16484,0
10,8,265,0.49,mcq,1.000,2,13935,0
10,9,291,0.39,blank,0.667,3,18466,0
10,1,244,0.23,blank,0.000,1,17635,0
10,11,286,0.69,blank,1.000,1,12427,1
10,5,102,0.35,blank,1.000,2,14888,0
10,10,182,0.22,blank,0.500,2,19939,1
10,6,196,0.35,mcq,0.000,0,0,0
10,10,173,0.39,blank,0.667,3,16613,1
10,7,83,0.29,mcq,0.250,4,14133,1
10,6,203,0.47,blank,0.000,1,14679,1
10,5,267,0.69,mcq,0.667,3,16357,0
10,8,129,0.35,blank,0.667,3,15089,0
10,12,33,0.43,blank,0.000,1,16282,1
10,8,43,0.41,blank,0.500,4,15826,0
10,2,159,0.44,mcq,0.000,1,13671,0
10,4,88,0.45,mcq,0.400,5,15731,1
10,1,240,0.62,mcq,0.000,2,17829,0
10,9,277,0.66,blank,0.500,4,17197,0
10,3,223,0.28,mcq,1.000,2,10688,0
10,9,117,0.31,mcq,0.400,5,17687,1
10,2,1,0.29,blank,0.000,2,16709,1
10,9,5,0.59,blank,0.500,6,16458,0
10,12,221,0.83,mcq,0.500,2,14719,1
10,5,288,0.19,mcq,0.500,4,16877,1
10,7,194,0.37,mcq,0.400,5,13326,1
10,4,140,0.43,blank,0.500,6,15854,0
10,5,36,0.32,blank,0.600,5,15238,1
10,3,252,0.51,mcq,0.667,3,12092,1
10,4,53,0.41,mcq,0.429,7,16564,1
10,5,78,0.42,mcq,0.667,6,14422,1
10,1,191,0.29,blank,0.000,3,18851,0
10,8,75,0.44,blank,0.400,5,16210,0
10,1,129,0.43,mcq,0.000,4,18267,1
10,7,227,0.49,mcq,0.500,6,13488,1
10,4,267,0.45,mcq,0.500,8,16389,0
10,11,166,0.65,mcq,1.000,2,16055,1
10,3,130,0.41,mcq,0.750,4,13068,1
10,8,112,0.37,mcq,0.333,6,16445,0
10,2,300,0.47,blank,0.333,3,15581,0
10,2,244,0.34,mcq,0.250,4,17001,1
10,12,47,0.31,blank,0.667,3,15203,1
10,11,31,0.14,mcq,1.000,3,16207,1
10,6,120,0.28,mcq,0.500,2,15749,1
10,6,225,0.77,mcq,0.667,3,13589,0
10,12,21,0.55,blank,0.750,4,14231,1
10,8,291,0.39,mcq,0.286,7,16410,1
10,3,284,0.30,mcq,0.800,5,13140,0
10,3,188,0.54,blank,0.667,6,13610,1
10,8,10,0.71,blank,0.375,8,15681,1
10,10,276,0.64,blank,0.750,4,16746,0
10,7,145,0.55,mcq,0.571,7,13532,1
10,6,23,0.32,blank,0.500,4,15610,0
10,3,17,0.47,blank,0.714,7,13972,1
10,10,132,0.34,mcq,0.600,5,16864,1
10,1,107,0.29,blank,0.200,5,17945,0
10,11,32,0.10,blank,1.000,4,13858,1
11,2,128,0.42,blank,0.000,0,0,1
11,10,55,0.37,mcq,0.000,0,0,1
11,11,54,0.21,mcq,0.000,0,0,1
11,3,274,0.51,mcq,0.000,0,0,0
11,10,167,0.29,blank,1.000,1,12329,0
11,6,124,0.23,mcq,0.000,0,0,1
11,10,185,0.28,mcq,0.500,2,14829,0
11,8,9,0.28,mcq,0.000,0,0,0
11,9,110,0.70,blank,0.000,0,0,0
11,6,284,0.78,mcq,1.000,1,13646,1
11,9,183,0.10,blank,0.000,1,25345,1
11,3,154,0.56,mcq,0.000,1,16071,1
11,2,167,0.24,blank,1.000,1,10944,1
11,8,49,0.61,mcq,0.000,1,17158,0
11,10,29,0.42,mcq,0.333,3,15121,1
11,6,117,0.26,mcq,1.000,2,16326,0
11,12,196,0.31,blank,0.000,0,0,0
11,1,258,0.43,mcq,0.000,0,0,1
11,12,229,0.46,mcq,0.000,1,13935,1
11,10,76,0.38,mcq,0.500,4,14713,0
11,3,135,0.34,mcq,0.500,2,16815,1
11,2,247,0.30,mcq,1.000,2,10710,1
11,9,269,0.51,mcq,0.500,2,16784,1
11,4,295,0.46,mcq,0.000,0,0,0
11,2,177,0.59,blank,1.000,3,11851,1
11,10,227,0.28,blank,0.400,5,15184,1
11,10,192,0.48,mcq,0.500,6,14116,1
11,3,76,0.47,blank,0.667,3,16399,1
11,5,12,0.73,blank,0.000,0,0,0
11,6,133,0.51,blank,0.667,3,17505,1
11,9,10,0.16,blank,0.667,3,17012,1
11,7,146,0.22,blank,0.000,0,0,1
11,4,5,0.51,blank,0.000,1,20446,0
11,2,56,0.34,mcq,1.000,4,13331,1
11,1,261,0.35,blank,1.000,1,14870,0
11,12,96,0.58,mcq,0.500,2,14626,0
11,4,127,0.25,mcq,0.000,2,18106,1
11,9,181,0.38,mcq,0.750,4,15597,1
11,6,32,0.36,mcq,0.750,4,17650,1
11,11,285,0.44,mcq,1.000,1,9797,0
11,5,196,0.48,blank,0.000,1,22041,1
11,9,124,0.69,mcq,0.800,5,15734,1
11,10,278,0.72,mcq,0.571,7,14299,0
11,3,71,0.48,mcq,0.750,4,14729,0
11,5,75,0.30,mcq,0.500,2,19500,1
11,11,61,0.82,blank,0.500,2,15282,0
11,3,212,0.30,mcq,0.600,5,15789,1
11,7,141,0.35,mcq,1.000,1,9796,1
11,3,137,0.47,blank,0.667,6,16033,0
11,10,184,0.33,blank,0.500,8,15902,0
11,2,192,0.37,mcq,1.000,5,13538,1
11,3,17,0.58,blank,0.571,7,16231,1
11,7,104,0.45,blank,1.000,2,13463,1
11,4,251,0.83,mcq,0.333,3,16069,0
11,12,22,0.36,blank,0.333,3,16816,1
11,10,293,0.43,blank,0.444,9,15939,0
11,10,56,0.20,mcq,0.400,10,15922,1
11,8,276,0.10,mcq,0.000,2,20786,1
11,7,26,0.50,blank,1.000,3,13642,0
11,4,237,0.40,blank,0.250,4,18360,0
11,3,73,0.23,blank,0.625,8,15899,1
11,8,300,0.54,mcq,0.333,3,17714,1
11,12,233,0.28,blank,0.500,4,16557,1
11,10,166,0.75,mcq,0.400,10,15747,1
11,12,47,0.28,blank,0.600,5,15568,1
11,2,262,0.38,blank,1.000,6,13087,1
11,10,172,0.62,blank,0.500,10,15498,0
11,10,27,0.70,blank,0.500,10,15892,1
11,7,93,0.35,mcq,0.750,4,14965,1
11,2,7,0.82,blank,1.000,7,12669,0
11,8,253,0.24,mcq,0.500,4,16570,1
11,4,4,0.50,mcq,0.200,5,18743,1
11,4,107,0.56,mcq,0.333,6,18727,0
11,1,17,0.47,blank,0.500,2,18543,1
11,11,56,0.23,blank,0.333,3,17027,1
11,7,294,0.56,blank,0.800,5,15358,0
11,9,48,0.54,mcq,0.833,6,15851,0
11,5,282,0.28,mcq,0.667,3,15568,0
11,2,270,0.42,mcq,0.875,8,13464,1
11,7,271,0.18,mcq,0.667,6,16069,1
12,9,120,0.42,mcq,0.000,0,0,1
12,12,61,0.42,blank,0.000,0,0,1
12,12,171,0.64,mcq,1.000,1,15630,1
12,6,145,0.21,blank,0.000,0,0,1
12,5,4,0.49,mcq,0.000,0,0,1
12,2,15,0.39,mcq,0.000,0,0,1
12,3,243,0.57,mcq,0.000,0,0,1
12,1,275,0.32,mcq,0.000,0,0,1
12,6,267,0.13,mcq,1.000,1,10221,1
12,5,296,0.20,mcq,1.000,1,12785,1
12,11,77,0.25,mcq,0.000,0,0,1
12,5,85,0.54,blank,1.000,2,11352,1
12,10,158,0.36,blank,0.000,0,0,1
12,12,122,0.63,blank,1.000,2,14305,1
12,6,58,0.10,blank,1.000,2,10919,1
12,6,13,0.52,mcq,1.000,3,11287,1
12,8,269,0.54,blank,0.000,0,0,1
12,5,265,0.47,mcq,1.000,3,12083,0
12,11,268,0.57,blank,1.000,1,16885,1
12,2,45,0.87,mcq,1.000,1,11523,0
12,6,160,0.40,mcq,1.000,4,11211,1
12,1,99,0.31,mcq,1.000,1,10618,1
12,5,77,0.42,mcq,0.750,4,13367,1
12,3,106,0.45,mcq,1.000,1,20256,1
12,9,146,0.36,blank,1.000,1,11160,1
12,10,228,0.45,mcq,1.000,1,12311,1
12,1,28,0.59,mcq,1.000,2,11176,1
12,2,229,0.35,mcq,0.500,2,17541,1
12,10,274,0.35,blank,1.000,2,13848,1
12,2,240,0.75,mcq,0.667,3,16322,1
12,2,119,0.19,mcq,0.750,4,16563,1
12,4,94,0.69,blank,0.000,0,0,1
12,12,250,0.59,mcq,1.000,3,14024,1
12,1,145,0.53,mcq,1.000,3,13492,0
12,6,55,0.38,blank,1.000,5,11750,1
12,6,212,0.39,blank,1.000,6,11910,1
12,4,175,0.29,mcq,1.000,1,21416,1
12,4,176,0.54,mcq,1.000,2,15836,1
12,9,294,0.41,mcq,1.000,2,13106,1
12,8,228,0.63,blank,1.000,1,14619,1
12,3,195,0.38,mcq,1.000,2,17516,1
12,6,298,0.19,blank,1.000,7,12107,1
12,11,150,0.56,mcq,1.000,2,16334,1
12,7,154,0.30,blank,0.000,0,0,1
12,10,177,0.52,mcq,1.000,3,14223,0
12,2,151,0.24,mcq,0.800,5,15709,1
12,1,184,0.30,blank,0.750,4,15083,1
12,2,202,0.68,blank,0.833,6,14776,1
12,11,89,0.38,blank,1.000,3,14830,1
12,8,214,0.60,mcq,1.000,2,16711,1
12,3,9,0.36,blank,1.000,3,17009,1
12,3,44,0.41,mcq,1.000,4,17326,0
12,3,218,0.33,mcq,0.800,5,16883,1
12,10,182,0.54,mcq,0.750,4,14585,1
12,4,122,0.55,mcq,1.000,3,14707,1
12,12,20,0.26,mcq,1.000,4,14259,1
12,10,41,0.28,mcq,0.800,5,15307,0
12,3,144,0.42,mcq,0.833,6,15899,1
12,8,40,0.23,mcq,1.000,3,17342,1
12,11,176,0.24,blank,1.000,4,15061,1
12,9,170,0.49,mcq,1.000,3,12902,1
12,7,156,0.15,blank,1.000,1,10833,1
12,12,294,0.48,mcq,1.000,5,13837,1
12,1,249,0.37,mcq,0.800,5,15037,1
12,2,144,0.50,mcq,0.857,7,14572,1
12,5,78,0.47,blank,0.800,5,13942,1
12,11,249,0.14,blank,1.000,5,13746,1
12,3,75,0.56,blank,0.857,7,15204,1
12,10,197,0.55,mcq,0.667,6,15521,0
12,4,177,0.30,blank,1.000,4,15702,1
12,1,205,0.26,blank,0.833,6,14476,1
12,8,195,0.36,mcq,1.000,4,15872,1
12,11,7,0.39,blank,1.000,6,13486,0
12,5,22,0.63,mcq,0.833,6,14002,0
12,2,140,0.67,mcq,0.875,8,14715,1
12,6,237,0.41,blank,1.000,8,12014,1
12,11,173,0.45,mcq,0.857,7,13702,1
12,11,35,0.41,mcq,0.875,8,13278,1
12,1,146,0.26,mcq,0.857,7,13674,1
12,5,112,0.46,blank,0.714,7,14760,0
13,8,219,0.41,mcq,0.000,0,0,0
13,12,38,0.70,blank,0.000,0,0,1
13,5,136,0.48,blank,0.000,0,0,1
13,3,92,0.26,mcq,0.000,0,0,1
13,11,55,0.35,mcq,0.000,0,0,1
13,8,129,0.43,blank,0.000,1,17102,1
13,8,20,0.66,mcq,0.500,2,15072,1
13,11,2,0.37,blank,1.000,1,13266,1
13,9,36,0.37,mcq,0.000,0,0,1
13,9,63,0.48,mcq,1.000,1,9281,1
13,10,29,0.10,blank,0.000,0,0,1
13,11,175,0.71,blank,1.000,2,13809,0
13,2,284,0.61,blank,0.000,0,0,1
13,1,55,0.71,blank,0.000,0,0,1
13,11,98,0.37,mcq,0.667,3,16355,1
13,3,200,0.49,mcq,1.000,1,13120,1
13,2,231,0.52,mcq,1.000,1,12827,0
13,1,61,0.51,mcq,1.000,1,16764,1
13,4,275,0.54,mcq,0.000,0,0,1
13,3,251,0.44,blank,1.000,2,14061,0
13,11,67,0.84,mcq,0.750,4,14964,1
13,1,234,0.48,blank,1.000,2,16036,1
13,10,255,0.57,mcq,1.000,1,8499,1
13,10,206,0.49,mcq,1.000,2,13607,1
13,6,110,0.65,mcq,0.000,0,0,1
13,1,213,0.31,blank,1.000,3,15834,1
13,3,21,0.37,mcq,0.667,3,14871,0
13,3,9,0.73,mcq,0.500,4,14777,0
13,8,146,0.47,mcq,0.667,3,15802,1
13,7,74,0.34,mcq,0.000,0,0,1
13,11,20,0.42,blank,0.800,5,15916,1
13,10,155,0.54,mcq,1.000,3,13465,1
13,6,49,0.25,blank,1.000,1,19389,0
13,10,107,0.25,mcq,1.000,4,14635,1
13,5,243,0.53,blank,1.000,1,12338,0
13,8,146,0.57,blank,0.750,4,15544,1
13,4,23,0.30,mcq,1.000,1,12052,1
13,2,249,0.43,blank,0.500,2,14294,1
13,9,167,0.74,mcq,1.000,2,13218,1
13,7,167,0.54,blank,1.000,1,8913,1
13,4,113,0.69,mcq,1.000,2,12782,1
13,2,233,0.25,mcq,0.667,3,12338,1
13,3,139,0.38,mcq,0.400,5,16749,1
13,4,57,0.43,mcq,1.000,3,15070,1
13,8,81,0.34,blank,0.800,5,16269,1
13,11,118,0.82,mcq,0.833,6,16063,1
13,2,243,0.26,mcq,0.750,4,12372,1
13,8,168,0.40,mcq,0.833,6,15810,1
13,7,294,0.12,mcq,1.000,2,13952,1
13,1,259,0.40,mcq,1.000,4,14756,1
13,1,51,0.29,mcq,1.000,5,14646,1
13,8,209,0.38,mcq,0.857,7,16085,1
13,4,246,0.55,mcq,1.000,4,14968,1
13,11,13,0.36,mcq,0.857,7,16240,1
13,8,190,0.35,mcq,0.875,8,15766,1
13,11,171,0.20,mcq,0.875,8,16326,1
13,9,278,0.64,blank,1.000,3,15931,0
13,10,29,0.54,blank,1.000,5,14760,1
13,9,188,0.70,mcq,0.750,4,17239,1
13,8,35,0.32,blank,0.889,9,15520,1
13,9,59,0.42,mcq,0.800,5,17028,1
13,11,108,0.10,mcq,0.889,9,15868,0
13,12,217,0.46,mcq,1.000,1,14996,1
13,5,63,0.61,mcq,0.500,2,16068,1
13,8,189,0.38,mcq,0.900,10,15095,1
13,11,235,0.76,mcq,0.800,10,15780,1
13,2,56,0.79,blank,0.800,5,12651,0
13,3,267,0.40,mcq,0.500,6,16356,0
13,11,243,0.63,mcq,0.800,10,16111,0
13,6,12,0.19,blank,0.500,2,18470,1
13,4,168,0.56,blank,1.000,5,15407,1
13,8,156,0.22,mcq,1.000,10,14379,1
13,10,248,0.66,blank,1.000,6,14170,1
13,6,234,0.75,blank,0.667,3,16736,1
13,3,90,0.37,mcq,0.429,7,17115,1
13,12,22,0.36,blank,1.000,2,13666,1
13,6,18,0.28,blank,0.750,4,16865,1
13,11,84,0.38,blank,0.700,10,16774,1
13,9,75,0.32,mcq,0.833,6,16255,1
13,8,260,0.54,mcq,1.000,10,14023,1
14,1,113,0.60,blank,0.000,0,0,1
14,8,270,0.35,mcq,0.000,0,0,1
14,4,229,0.51,blank,0.000,0,0,1
14,11,163,0.41,mcq,0.000,0,0,1
14,10,76,0.11,mcq,0.000,0,0,1
14,12,180,0.55,blank,0.000,0,0,1
14,5,228,0.81,blank,0.000,0,0,0
14,12,218,0.77,blank,1.000,1,13750,0
14,12,107,0.53,mcq,0.500,2,17916,1
14,5,193,0.10,mcq,0.000,1,22038,1
14,2,237,0.71,blank,0.000,0,0,1
14,12,149,0.10,blank,0.667,3,16781,1
14,9,253,0.12,blank,0.000,0,0,1
14,9,154,0.44,mcq,1.000,1,10662,1
14,11,214,0.55,mcq,1.000,1,13020,0
14,3,142,0.18,blank,0.000,0,0,1
14,8,290,0.52,mcq,1.000,1,14935,0
14,7,62,0.62,mcq,0.000,0,0,0
14,6,30,0.22,mcq,0.000,0,0,1
14,3,140,0.29,blank,1.000,1,11302,1
14,6,272,0.10,blank,1.000,1,11324,1
14,11,49,0.65,mcq,0.500,2,15106,1
14,10,155,0.45,mcq,1.000,1,6636,0
14,5,74,0.34,blank,0.500,2,16518,1
14,1,84,0.55,mcq,1.000,1,18579,1
14,2,287,0.49,mcq,1.000,1,17627,0
14,10,59,0.29,mcq,0.500,2,10974,0
14,7,246,0.38,mcq,0.000,1,17868,0
14,6,268,0.39,mcq,1.000,2,12113,0
14,6,66,0.52,mcq,0.667,3,14683,1
14,12,41,0.53,blank,0.750,4,14561,1
14,7,221,0.34,blank,0.000,2,17838,0
14,1,241,0.47,mcq,1.000,2,17832,1
14,2,50,0.49,blank,0.500,2,19718,1
14,2,180,0.56,mcq,0.667,3,17990,1
14,1,179,0.74,mcq,1.000,3,16952,0
14,6,292,0.56,mcq,0.750,4,15298,1
14,2,99,0.64,blank,0.750,4,17209,1
14,5,110,0.59,blank,0.667,3,14208,0
14,9,55,0.57,mcq,1.000,2,11591,1
14,3,209,0.71,mcq,1.000,2,14234,0
14,2,254,0.46,mcq,0.800,5,17491,1
14,6,60,0.39,blank,0.800,5,15888,1
14,7,228,0.40,blank,0.000,3,16208,0
14,4,36,0.31,mcq,1.000,1,10934,1
14,8,54,0.61,blank,0.500,2,17051,0
14,7,206,0.21,blank,0.000,4,17430,1
14,12,34,0.38,mcq,0.800,5,15002,0
14,6,63,0.61,mcq,0.833,6,15001,0
14,4,298,0.60,blank,1.000,2,11478,0
14,10,244,0.40,mcq,0.333,3,10880,1
14,11,233,0.30,mcq,0.667,3,15277,1
14,2,16,0.60,blank,0.833,6,16637,0
14,2,92,0.42,mcq,0.714,7,17433,1
14,7,40,0.32,blank,0.200,5,16516,0
14,11,255,0.45,mcq,0.750,4,14235,1
14,8,10,0.23,mcq,0.333,3,17842,1
14,1,193,0.82,blank,0.750,4,18845,0
14,8,156,0.40,mcq,0.500,4,16282,0
14,12,57,0.55,blank,0.667,6,15324,1
14,10,244,0.33,mcq,0.500,4,12714,1
14,9,194,0.58,blank,1.000,3,12252,1
14,10,24,0.31,blank,0.600,5,12108,1
14,3,175,0.54,mcq,0.667,3,14628,1
14,7,126,0.59,blank,0.167,6,16349,1
14,4,157,0.47,blank,0.667,3,13254,1
14,2,217,0.43,blank,0.750,8,16428,1
14,10,12,0.26,blank,0.667,6,11580,1
14,6,52,0.32,mcq,0.714,7,15713,0
14,12,174,0.38,mcq,0.714,7,15685,1
14,3,39,0.32,mcq,0.750,4,14336,1
14,9,116,0.48,blank,1.000,4,12591,1
14,10,173,0.45,mcq,0.714,7,11627,1
14,5,40,0.75,mcq,0.500,4,16606,1
14,11,161,0.55,blank,0.800,5,13421,0
14,4,281,0.33,mcq,0.750,4,14123,1
14,3,256,0.64,mcq,0.800,5,13726,1
14,4,273,0.27,mcq,0.800,5,14091,1
14,10,31,0.69,mcq,0.750,8,11831,0
14,9,154,0.51,blank,1.000,5,13411,0
15,1,224,0.46,mcq,0.000,0,0,1
15,7,133,0.42,blank,0.000,0,0,1
15,5,249,0.39,mcq,0.000,0,0,0
15,1,33,0.81,blank,1.000,1,19194,1
15,7,72,0.66,mcq,1.000,1,13494,1
15,4,298,0.67,mcq,0.000,0,0,1
15,9,161,0.45,blank,0.000,0,0,1
15,6,217,0.60,mcq,0.000,0,0,0
15,4,131,0.52,mcq,1.000,1,19715,1
15,10,280,0.66,mcq,0.000,0,0,1
15,7,75,0.32,blank,1.000,2,14104,1
15,6,18,0.28,blank,0.000,1,16593,1
15,12,123,0.23,mcq,0.000,0,0,1
15,5,63,0.30,mcq,0.000,1,16363,1
15,9,202,0.69,blank,1.000,1,19543,0
15,5,83,0.32,mcq,0.500,2,14152,1
15,8,18,0.20,mcq,0.000,0,0,1
15,5,212,0.67,mcq,0.667,3,15560,1
15,6,134,0.38,mcq,0.500,2,14660,0
15,9,168,0.62,mcq,0.500,2,18569,1
15,8,228,0.35,mcq,1.000,1,7606,1
15,11,43,0.57,mcq,0.000,0,0,1
15,2,67,0.57,mcq,0.000,0,0,0
15,10,69,0.32,blank,1.000,1,17966,1
15,5,44,0.56,blank,0.750,4,15075,1
15,7,293,0.33,blank,1.000,3,13766,0
15,4,118,0.49,mcq,1.000,2,18081,1
15,2,206,0.57,mcq,0.000,1,22345,1
15,10,291,0.32,blank,1.000,2,13390,1
15,2,254,0.67,mcq,0.500,2,18946,0
15,2,137,0.47,mcq,0.333,3,19730,1
15,5,111,0.45,mcq,0.800,5,15802,1
15,5,15,0.43,blank,0.833,6,15152,1
15,5,299,0.58,mcq,0.857,7,14786,1
15,11,204,0.40,mcq,1.000,1,17742,0
15,11,38,0.49,mcq,0.500,2,17372,1
15,2,182,0.39,mcq,0.500,4,18871,1
15,10,24,0.89,mcq,1.000,3,13502,0
15,1,190,0.44,blank,1.000,2,19866,1
15,3,258,0.68,mcq,0.000,0,0,1
15,8,272,0.78,blank,1.000,2,8391,1
15,7,144,0.51,blank,0.750,4,15023,1
15,12,136,0.33,mcq,1.000,1,6644,1
15,9,78,0.30,blank,0.667,3,18220,0
15,9,77,0.61,mcq,0.500,4,19043,1
15,1,224,0.46,blank,1.000,3,19179,1
15,2,288,0.86,blank,0.600,5,17787,1
15,8,179,0.37,mcq,1.000,3,11006,1
15,2,140,0.49,mcq,0.667,6,18017,1
15,10,270,0.63,mcq,0.750,4,15428,0
15,10,49,0.62,blank,0.600,5,16046,1
15,6,55,0.72,mcq,0.333,3,13937,1
15,6,233,0.49,mcq,0.500,4,15012,1
15,11,232,0.68,blank,0.667,3,17344,0
15,6,67,0.90,mcq,0.600,5,15159,0
15,4,37,0.66,blank,1.000,3,17031,0
15,9,205,0.62,blank,0.600,5,17912,1
15,2,79,0.57,blank,0.714,7,17852,1
15,2,68,0.35,mcq,0.750,8,17631,1
15,6,199,0.28,mcq,0.500,6,16037,1
15,8,189,0.42,blank,1.000,4,11680,1
15,10,238,0.55,blank,0.667,6,16963,1
15,11,269,0.49,blank,0.500,4,18071,1
15,2,77,0.40,mcq,0.778,9,17619,1
15,3,292,0.39,blank,1.000,1,16471,1
15,1,212,0.10,mcq,1.000,4,18170,1
15,2,300,0.17,mcq,0.800,10,17497,1
15,2,94,0.45,mcq,0.900,10,16454,1
15,7,233,0.63,mcq,0.800,5,15227,1
15,11,96,0.14,blank,0.600,5,18194,1
15,4,55,0.57,mcq,0.750,4,17156,0
15,7,245,0.43,blank,0.833,6,15569,1
15,8,250,0.32,mcq,1.000,5,12829,1
15,5,203,0.10,blank,0.875,8,14899,1
15,5,97,0.53,blank,0.889,9,13868,1
15,1,276,0.52,mcq,1.000,5,16224,1
15,4,60,0.71,blank,0.600,5,18449,1
15,3,11,0.69,mcq,1.000,2,14101,1
15,8,27,0.35,mcq,1.000,6,12047,1
15,6,254,0.70,mcq,0.571,7,14926,0
16,7,243,0.25,blank,0.000,0,0,1
16,2,11,0.10,blank,0.000,0,0,1
16,3,113,0.42,blank,0.000,0,0,1
16,10,240,0.59,mcq,0.000,0,0,0
16,3,185,0.66,blank,1.000,1,15653,1
16,8,45,0.56,mcq,0.000,0,0,1
16,11,213,0.34,blank,0.000,0,0,1
16,8,134,0.41,blank,1.000,1,11091,1
16,6,33,0.40,mcq,0.000,0,0,1
16,6,133,0.22,blank,1.000,1,12417,1
16,6,78,0.52,mcq,1.000,2,12782,1
16,12,225,0.62,blank,0.000,0,0,1
16,8,53,0.74,mcq,1.000,2,13309,0
16,9,186,0.53,mcq,0.000,0,0,0
16,3,51,0.41,mcq,1.000,2,14969,1
16,3,225,0.35,blank,1.000,3,13330,0
16,7,147,0.45,mcq,1.000,1,10501,1
16,9,126,0.52,mcq,0.000,1,19691,1
16,3,220,0.45,mcq,0.750,4,13853,1
16,7,186,0.78,mcq,1.000,2,12322,0
16,1,36,0.16,mcq,0.000,0,0,1
16,2,202,0.35,mcq,1.000,1,10393,1
16,1,267,0.31,mcq,1.000,1,12447,1
16,5,161,0.12,mcq,0.000,0,0,1
16,6,207,0.60,mcq,1.000,3,12196,0
16,8,227,0.22,mcq,0.667,3,15856,1
16,12,155,0.26,mcq,1.000,1,14035,1
16,2,65,0.61,mcq,1.000,2,12896,0
16,9,267,0.60,blank,0.500,2,18313,1
16,6,133,0.45,blank,0.750,4,14209,0
16,4,31,0.53,mcq,0.000,0,0,1
16,6,64,0.44,blank,0.600,5,14763,1
16,8,298,0.36,mcq,0.750,4,13766,0
16,10,120,0.36,mcq,0.000,1,18822,0
16,6,72,0.37,mcq,0.667,6,15171,1
16,12,99,0.24,blank,1.000,2,14992,1
16,6,48,0.35,mcq,0.714,7,15426,1
16,1,270,0.37,blank,1.000,2,11083,1
16,7,256,0.26,blank,0.667,3,14809,1
16,11,214,0.28,mcq,1.000,1,13240,1
16,3,263,0.51,mcq,0.800,5,13359,1
16,9,287,0.54,mcq,0.667,3,17562,1
16,6,190,0.53,mcq,0.750,8,15201,1
16,10,192,0.40,blank,0.000,2,15178,1
16,5,216,0.44,blank,1.000,1,12994,0
16,1,251,0.59,blank,1.000,3,12049,1
16,1,294,0.57,mcq,1.000,4,12855,1
16,5,68,0.10,mcq,0.500,2,15912,1
16,3,167,0.25,mcq,0.833,6,13819,1
16,2,203,0.53,mcq,0.667,3,15535,1
16,6,46,0.10,mcq,0.778,9,15153,1
16,3,288,0.39,mcq,0.857,7,13547,1
16,11,296,0.61,blank,1.000,2,13411,1
16,1,10,0.66,mcq,1.000,5,13773,1
16,2,106,0.33,mcq,0.750,4,14618,1
16,4,274,0.62,mcq,1.000,1,13457,1
16,10,175,0.35,mcq,0.333,3,15685,0
16,7,47,0.47,mcq,0.750,4,13753,1
16,2,46,0.67,blank,0.800,5,13767,1
16,3,167,0.39,blank,0.875,8,13167,1
16,3,212,0.51,blank,0.889,9,13485,1
16,6,123,0.43,mcq,0.800,10,14497,1
16,10,59,0.27,mcq,0.250,4,16808,1
16,5,209,0.64,mcq,0.667,3,13289,1
16,11,52,0.49,blank,1.000,3,15146,0
16,4,229,0.47,blank,1.000,2,12823,1
16,2,277,0.57,mcq,0.833,6,14253,1
16,3,232,0.49,mcq,0.900,10,13665,0
16,1,86,0.65,mcq,1.000,6,14165,1
16,1,195,0.83,blank,1.000,7,14546,1
16,6,83,0.52,mcq,0.800,10,15264,1
16,12,72,0.38,blank,1.000,3,14895,1
16,12,163,0.31,mcq,1.000,4,14520,1
16,11,140,0.69,mcq,0.750,4,17370,0
16,4,169,0.37,blank,1.000,3,12227,0
16,1,3,0.53,mcq,1.000,8,15354,1
16,1,202,0.36,mcq,1.000,9,15282,1
16,9,228,0.77,mcq,0.750,4,17338,1
16,11,199,0.79,blank,0.600,5,17914,0
16,3,190,0.62,mcq,0.800,10,13689,1
17,6,4,0.65,mcq,0.000,0,0,0
17,4,257,0.71,blank,0.000,0,0,1
17,8,290,0.51,mcq,0.000,0,0,1
17,3,292,0.54,blank,0.000,0,0,1
17,4,12,0.66,blank,1.000,1,17112,0
17,12,2,0.34,mcq,0.000,0,0,0
17,7,222,0.18,blank,0.000,0,0,0
17,7,23,0.41,mcq,0.000,1,10492,1
17,12,3,0.47,mcq,0.000,1,13989,1
17,7,116,0.48,mcq,0.500,2,14066,1
17,12,160,0.39,blank,0.500,2,15328,1
17,2,172,0.39,mcq,0.000,0,0,0
17,5,171,0.45,mcq,0.000,0,0,1
17,9,49,0.57,mcq,0.000,0,0,1
17,11,194,0.36,mcq,0.000,0,0,0
17,6,227,0.66,mcq,0.000,1,21517,1
17,1,287,0.37,blank,0.000,0,0,1
17,1,120,0.40,blank,1.000,1,16762,1
17,10,220,0.51,mcq,0.000,0,0,1
17,10,233,0.33,mcq,1.000,1,11703,1
17,9,35,0.39,blank,1.000,1,10051,1
17,10,132,0.48,mcq,1.000,2,11555,1
17,6,23,0.20,mcq,0.500,2,18014,1
17,1,184,0.62,mcq,1.000,2,16462,0
17,5,176,0.26,blank,1.000,1,17274,1
17,5,30,0.43,mcq,1.000,2,13887,1
17,4,101,0.11,mcq,0.500,2,17662,1
17,4,244,0.37,blank,0.667,3,15138,1
17,12,290,0.38,mcq,0.667,3,14918,1
17,6,22,0.31,blank,0.667,3,16429,1
17,8,110,0.45,blank,1.000,1,16519,1
17,4,193,0.14,mcq,0.750,4,14399,1
17,4,184,0.18,blank,0.800,5,13769,1
17,1,185,0.36,mcq,0.667,3,18565,1
17,1,135,0.57,blank,0.750,4,17125,1
17,12,91,0.61,blank,0.750,4,13916,1
17,5,57,0.48,mcq,1.000,3,14073,1
17,6,88,0.59,blank,0.750,4,15068,0
17,9,34,0.90,mcq,1.000,2,12612,0
17,2,194,0.70,mcq,0.000,1,16912,1
17,12,24,0.28,mcq,0.800,5,15258,1
17,10,127,0.15,blank,1.000,3,12089,1
17,1,300,0.35,blank,0.800,5,16813,1
17,8,34,0.47,mcq,1.000,2,15582,1
17,3,256,0.15,mcq,1.000,1,15959,1
17,9,254,0.30,blank,0.667,3,15925,1
17,8,19,0.43,mcq,1.000,3,15595,1
17,4,157,0.47,mcq,0.833,6,13785,1
17,7,282,0.63,mcq,0.667,3,14602,1
17,2,299,0.50,mcq,0.500,2,19402,1
17,1,210,0.21,mcq,0.833,6,15964,1
17,6,120,0.50,blank,0.600,5,15907,1
17,5,263,0.35,blank,1.000,4,14180,1
17,9,37,0.25,mcq,0.750,4,15202,1
17,6,155,0.57,blank,0.667,6,15418,1
17,12,71,0.56,blank,0.833,6,15173,1
17,12,178,0.42,blank,0.857,7,14753,1
17,7,263,0.77,mcq,0.750,4,14565,1
17,3,120,0.54,mcq,1.000,2,13267,1
17,9,175,0.25,mcq,0.800,5,13882,1
17,2,108,0.41,mcq,0.667,3,18196,1
17,8,66,0.23,blank,1.000,4,15862,1
17,5,174,0.47,mcq,1.000,5,13601,1
17,4,276,0.21,mcq,0.857,7,14148,1
17,5,79,0.43,mcq,1.000,6,13761,1
17,6,201,0.16,mcq,0.714,7,15530,1
17,7,56,0.50,mcq,0.800,5,14978,1
17,6,54,0.27,mcq,0.750,8,14716,1
17,11,96,0.41,mcq,0.000,1,17773,1
17,4,269,0.87,blank,0.875,8,14052,1
17,2,211,0.28,blank,0.750,4,17484,1
17,7,36,0.50,mcq,0.833,6,15381,1
17,7,222,0.80,blank,0.857,7,15467,1
17,12,104,0.40,mcq,0.875,8,13982,1
17,9,229,0.41,blank,0.833,6,13303,0
17,2,292,0.56,blank,0.800,5,16604,1
17,8,234,0.22,mcq,1.000,5,15241,1
17,6,90,0.36,blank,0.778,9,14313,1
17,7,94,0.45,mcq,0.875,8,15679,1
17,12,81,0.29,mcq,0.889,9,13816,1
18,6,14,0.36,blank,0.000,0,0,1
18,2,205,0.28,mcq,0.000,0,0,1
18,4,168,0.43,blank,0.000,0,0,0
18,11,125,0.45,blank,0.000,0,0,0
18,12,88,0.54,mcq,0.000,0,0,0
18,1,87,0.36,blank,0.000,0,0,0
18,2,92,0.44,blank,1.000,1,9442,1
18,4,25,0.37,mcq,0.000,1,18369,1
18,11,200,0.55,mcq,0.000,1,15500,0
18,12,104,0.43,blank,0.000,1,19104,0
18,4,8,0.36,blank,0.500,2,13303,1
18,6,50,0.57,blank,1.000,1,14107,0
18,11,168,0.50,mcq,0.000,2,15875,1
18,6,220,0.34,blank,0.500,2,15247,0
18,2,162,0.46,blank,1.000,2,11678,1
18,1,189,0.30,blank,0.000,1,16371,0
18,1,53,0.57,blank,0.000,2,17355,0
18,12,49,0.10,mcq,0.000,2,19007,1
18,10,69,0.34,blank,0.000,0,0,0
18,6,247,0.59,mcq,0.333,3,15660,0
18,2,120,0.32,mcq,1.000,3,13014,1
18,9,64,0.10,blank,0.000,0,0,1
18,5,71,0.47,blank,0.000,0,0,1
18,6,122,0.33,blank,0.250,4,17703,0
18,12,143,0.10,mcq,0.333,3,15498,1
18,6,148,0.26,mcq,0.200,5,17554,0
18,1,28,0.49,blank,0.000,3,18404,1
18,11,196,0.77,mcq,0.333,3,16036,0
18,9,36,0.37,blank,1.000,1,6302,0
18,4,89,0.90,mcq,0.667,3,13729,1
18,10,219,0.14,blank,0.000,1,20177,1
18,12,128,0.34,blank,0.500,4,13301,1
18,5,247,0.41,mcq,1.000,1,17229,1
18,2,217,0.61,blank,1.000,4,13720,0
18,9,247,0.30,blank,0.500,2,13059,0
18,1,154,0.46,blank,0.250,4,18525,0
18,10,157,0.23,blank,0.500,2,14781,1
18,8,241,0.40,mcq,0.000,0,0,1
18,4,192,0.52,blank,0.750,4,15871,1
18,8,197,0.30,blank,1.000,1,16967,1
18,8,64,0.26,blank,1.000,2,15490,0
18,7,179,0.55,mcq,0.000,0,0,0
18,9,198,0.39,blank,0.333,3,13682,1
18,7,15,0.44,blank,0.000,1,18954,0
18,12,76,0.40,mcq,0.600,5,13329,0
18,5,60,0.45,mcq,1.000,2,16884,1
18,2,42,0.20,blank,0.800,5,14901,1
18,9,155,0.76,blank,0.500,4,12808,0
18,9,211,0.71,blank,0.400,5,14124,1
18,12,74,0.51,mcq,0.500,6,13867,0
18,5,87,0.45,blank,1.000,3,17166,1
18,8,148,0.52,mcq,0.667,3,18008,1
18,12,250,0.35,blank,0.429,7,14490,1
18,3,103,0.36,mcq,0.000,0,0,1
18,1,210,0.45,blank,0.200,5,18007,0
18,8,151,0.27,mcq,0.750,4,17314,1
18,2,245,0.35,blank,0.833,6,13591,1
18,8,4,0.41,blank,0.800,5,15808,1
18,11,4,0.10,blank,0.250,4,17513,1
18,7,243,0.10,mcq,0.000,2,17676,0
18,6,162,0.32,mcq,0.167,6,16765,1
18,4,183,0.70,blank,0.800,5,16002,1
18,6,72,0.45,mcq,0.286,7,16008,1
18,1,128,0.16,blank,0.167,6,17313,1
18,6,97,0.19,mcq,0.375,8,15791,1
18,1,185,0.90,mcq,0.286,7,15968,1
18,1,249,0.74,mcq,0.375,8,16379,1
18,7,244,0.43,blank,0.000,3,15038,0
18,11,100,0.69,mcq,0.400,5,15316,0
18,12,259,0.59,mcq,0.500,8,14408,0
18,1,281,0.67,blank,0.444,9,16457,0
18,8,124,0.55,blank,0.833,6,15325,1
18,4,223,0.52,mcq,0.833,6,16008,1
18,12,144,0.86,blank,0.444,9,15296,0
18,4,70,0.40,mcq,0.857,7,16481,1
18,9,115,0.31,mcq,0.500,6,14563,1
18,10,196,0.47,mcq,0.667,3,13520,1
18,11,115,0.30,mcq,0.333,6,15610,0
18,5,97,0.51,blank,1.000,4,15023,0
18,12,195,0.67,blank,0.400,10,16199,0
19,7,152,0.80,blank,0.000,0,0,0
19,4,18,0.25,mcq,0.000,0,0,1
19,10,294,0.36,mcq,0.000,0,0,1
19,8,31,0.36,blank,0.000,0,0,0
19,6,116,0.61,mcq,0.000,0,0,0
19,12,201,0.41,mcq,0.000,0,0,0
19,5,281,0.71,mcq,0.000,0,0,0
19,7,201,0.31,mcq,0.000,1,22899,0
19,2,281,0.31,mcq,0.000,0,0,1
19,7,28,0.58,mcq,0.000,2,21405,0
19,12,248,0.36,mcq,0.000,1,12320,1
19,5,5,0.55,mcq,0.000,1,21194,1
19,6,76,0.41,mcq,0.000,1,23620,0
19,7,50,0.63,mcq,0.000,3,21347,0
19,6,174,0.56,blank,0.000,2,19178,0
19,10,61,0.36,mcq,1.000,1,15982,1
19,4,193,0.33,mcq,1.000,1,12019,1
19,12,196,0.72,blank,0.500,2,14553,0
19,5,63,0.32,blank,0.500,2,17872,1
19,8,294,0.20,blank,0.000,1,16097,1
19,8,248,0.41,mcq,0.500,2,11637,1
19,11,276,0.41,blank,0.000,0,0,1
19,3,272,0.22,blank,0.000,0,0,1
19,8,64,0.77,mcq,0.667,3,13744,0
19,4,93,0.83,blank,1.000,2,13120,0
19,1,106,0.15,blank,0.000,0,0,1
19,11,64,0.57,mcq,1.000,1,11854,1
19,9,1,0.31,blank,0.000,0,0,0
19,4,274,0.31,mcq,0.667,3,16001,1
19,8,181,0.58,blank,0.500,4,16320,0
19,10,122,0.33,blank,1.000,2,14916,0
19,1,283,0.51,mcq,1.000,1,9234,0
19,4,282,0.33,mcq,0.750,4,16627,1
19,5,131,0.43,blank,0.667,3,15519,1
19,11,138,0.20,mcq,1.000,2,15225,1
19,11,262,0.41,blank,1.000,3,14541,1
19,10,195,0.62,blank,0.667,3,15461,0
19,1,281,0.58,blank,0.500,2,15138,0
19,7,140,0.69,blank,0.000,4,20950,1
19,3,114,0.54,blank,1.000,1,13797,1
19,7,157,0.75,blank,0.200,5,20493,0
19,10,145,0.54,mcq,0.500,4,17706,0
19,9,200,0.44,blank,0.000,1,22917,1
19,3,207,0.28,mcq,1.000,2,13966,1
19,8,65,0.33,mcq,0.400,5,17503,1
19,3,190,0.24,blank,1.000,3,14576,1
19,12,225,0.50,mcq,0.333,3,16838,1
19,6,118,0.51,blank,0.000,3,19281,1
19,5,47,0.40,blank,0.750,4,16090,1
19,11,30,0.71,mcq,1.000,4,14003,1
19,2,218,0.44,mcq,1.000,1,12309,0
19,11,273,0.16,mcq,1.000,5,15083,1
19,12,4,0.47,blank,0.500,4,15441,0
19,12,271,0.25,blank,0.400,5,16143,0
19,11,269,0.26,mcq,1.000,6,14350,1
19,4,27,0.53,blank,0.800,5,15670,1
19,7,128,0.34,mcq,0.167,6,20527,1
19,9,136,0.66,blank,0.500,2,19158,1
19,4,264,0.70,blank,0.833,6,15970,0
19,1,4,0.80,mcq,0.333,3,16613,1
19,10,96,0.30,blank,0.400,5,17539,1
19,7,264,0.40,mcq,0.286,7,19469,1
19,3,129,0.11,blank,1.000,4,14598,1
19,4,275,0.28,blank,0.714,7,16760,1
19,5,182,0.60,mcq,0.800,5,15470,1
19,12,98,0.29,mcq,0.333,6,16356,1
19,5,83,0.62,mcq,0.833,6,15874,0
19,11,216,0.51,mcq,1.000,7,13721,1
19,8,205,0.14,mcq,0.500,6,16575,1
19,9,56,0.41,mcq,0.667,3,17086,1
19,1,27,0.57,blank,0.500,4,16586,0
19,11,246,0.54,mcq,1.000,8,14242,1
19,5,262,0.43,mcq,0.714,7,16623,1
19,3,127,0.45,mcq,1.000,5,14337,0
19,11,258,0.50,mcq,1.000,9,14123,0
19,10,118,0.69,mcq,0.500,6,16808,0
19,2,219,0.48,mcq,0.500,2,13710,0
19,1,157,0.39,blank,0.400,5,17554,1
19,12,262,0.36,blank,0.429,7,15946,1
19,7,180,0.36,blank,0.375,8,18873,1
20,6,67,0.42,blank,0.000,0,0,1
20,6,191,0.24,mcq,1.000,1,15136,1
20,4,67,0.38,blank,0.000,0,0,0
20,11,98,0.45,mcq,0.000,0,0,0
20,4,176,0.33,blank,0.000,1,16139,1
20,5,23,0.37,blank,0.000,0,0,1
20,3,287,0.53,blank,0.000,0,0,0
20,6,35,0.61,mcq,1.000,2,15257,0
20,8,141,0.10,mcq,0.000,0,0,1
20,12,98,0.60,mcq,0.000,0,0,1
20,12,39,0.53,mcq,1.000,1,15729,1
20,3,140,0.25,mcq,0.000,1,22329,1
20,4,263,0.49,blank,0.500,2,11843,0
20,8,152,0.16,blank,1.000,1,13019,1
20,12,150,0.44,blank,1.000,2,14219,1
20,1,27,0.18,blank,0.000,0,0,1
20,11,178,0.90,blank,0.000,1,17084,1
20,11,282,0.31,blank,0.500,2,17969,1
20,5,30,0.42,mcq,1.000,1,5924,1
20,11,91,0.59,blank,0.667,3,15742,0
20,5,299,0.67,mcq,1.000,2,8707,0
20,2,283,0.40,mcq,0.000,0,0,1
20,4,203,0.50,blank,0.333,3,14650,0
20,3,246,0.18,mcq,0.500,2,17741,1
20,2,292,0.25,mcq,1.000,1,10075,1
20,8,91,0.56,blank,1.000,2,11937,1
20,7,233,0.41,blank,0.000,0,0,1
20,11,7,0.53,mcq,0.500,4,15745,0
20,10,23,0.59,blank,0.000,0,0,1
20,3,7,0.45,blank,0.667,3,15977,0
20,1,44,0.53,mcq,1.000,1,6515,1
20,4,158,0.64,mcq,0.250,4,15340,0
20,6,279,0.32,mcq,0.667,3,16367,1
20,2,213,0.50,mcq,1.000,2,11075,1
20,3,181,0.58,blank,0.500,4,16846,1
20,11,58,0.36,mcq,0.400,5,16428,1
20,8,183,0.49,blank,1.000,3,13000,0
20,2,23,0.38,mcq,1.000,3,12432,0
20,10,218,0.56,blank,1.000,1,17565,1
20,3,54,0.66,mcq,0.600,5,16667,1
20,5,40,0.68,mcq,0.667,3,12634,0
20,1,76,0.77,mcq,1.000,2,10795,1
20,7,58,0.15,mcq,1.000,1,12375,1
20,10,66,0.19,blank,1.000,2,17722,1
20,3,212,0.47,mcq,0.667,6,16323,1
20,10,126,0.49,mcq,1.000,3,16164,1
20,7,118,0.27,mcq,1.000,2,12299,1
20,7,113,0.70,mcq,1.000,3,12741,0
20,12,186,0.60,blank,1.000,3,14653,0
20,9,185,0.35,blank,0.000,0,0,0
20,3,216,0.42,mcq,0.714,7,15749,0
20,4,74,0.48,mcq,0.200,5,17067,1
20,7,55,0.42,mcq,0.750,4,15392,1
20,11,76,0.27,mcq,0.500,6,16819,1
20,6,214,0.54,blank,0.750,4,15537,0
20,3,154,0.47,blank,0.625,8,16206,1
20,8,147,0.31,mcq,0.750,4,14740,1
20,2,258,0.66,blank,0.750,4,13512,0
20,3,284,0.79,mcq,0.667,9,15720,0
20,12,217,0.64,mcq,0.750,4,16335,0
20,3,109,0.44,blank,0.600,10,16427,0
20,7,287,0.36,blank,0.800,5,14355,1
20,10,208,0.63,mcq,1.000,4,15312,1
20,7,56,0.62,mcq,0.833,6,13978,1
20,2,145,0.67,mcq,0.600,5,15843,1
20,3,159,0.39,mcq,0.600,10,16130,0
20,4,292,0.21,blank,0.333,6,16973,1
20,10,48,0.90,mcq,1.000,5,14791,1
20,5,100,0.62,blank,0.500,4,14300,1
20,6,50,0.45,mcq,0.600,5,16604,1
20,6,77,0.20,blank,0.667,6,15573,1
20,1,149,0.30,mcq,1.000,3,11523,0
20,3,119,0.57,mcq,0.500,10,16554,1
20,4,257,0.54,mcq,0.429,7,16026,1
20,9,230,0.70,mcq,0.000,1,17476,0
20,3,199,0.36,mcq,0.500,10,17116,1
20,4,255,0.51,blank,0.500,8,15535,1
20,2,45,0.48,mcq,0.667,6,16301,1
20,8,144,0.58,mcq,0.800,5,14578,1
20,10,133,0.40,blank,1.000,6,15965,1
21,8,212,0.22,mcq,0.000,0,0,1
21,9,30,0.10,mcq,0.000,0,0,1
21,12,54,0.52,mcq,0.000,0,0,1
21,5,237,0.28,mcq,0.000,0,0,1
21,11,239,0.62,mcq,0.000,0,0,0
21,2,222,0.70,mcq,0.000,0,0,0
21,4,109,0.40,blank,0.000,0,0,1
21,12,241,0.45,mcq,1.000,1,11492,1
21,3,195,0.35,blank,0.000,0,0,1
21,1,28,0.61,mcq,0.000,0,0,1
21,4,91,0.75,mcq,1.000,1,14286,1
21,2,232,0.54,blank,0.000,1,23488,0
21,7,48,0.19,blank,0.000,0,0,1
21,7,215,0.29,blank,1.000,1,10647,1
21,8,182,0.18,blank,1.000,1,15193,1
21,12,102,0.15,mcq,1.000,2,12301,1
21,2,163,0.41,blank,0.000,2,22264,1
21,1,59,0.57,blank,1.000,1,15364,0
21,11,65,0.27,blank,0.000,1,21964,1
21,11,97,0.10,blank,0.500,2,17933,1
21,7,108,0.35,mcq,1.000,2,13287,1
21,4,9,0.68,blank,1.000,2,13867,0
21,5,234,0.62,mcq,1.000,1,14690,1
21,7,172,0.31,mcq,1.000,3,11890,1
21,2,84,0.63,blank,0.333,3,18401,1
21,9,146,0.31,mcq,1.000,1,11780,1
21,12,54,0.15,mcq,1.000,3,11126,0
21,2,279,0.30,mcq,0.500,4,17627,1
21,2,216,0.31,mcq,0.600,5,16070,1
21,4,241,0.48,blank,0.667,3,16114,1
21,2,203,0.26,mcq,0.667,6,15140,1
21,1,136,0.74,mcq,0.500,2,18704,1
21,5,213,0.62,mcq,1.000,2,14667,1
21,1,163,0.55,blank,0.667,3,17898,1
21,6,201,0.56,mcq,0.000,0,0,1
21,4,220,0.32,blank,0.750,4,16464,1
21,3,163,0.62,mcq,1.000,1,11497,1
21,9,61,0.52,mcq,1.000,2,12677,1
21,11,284,0.29,mcq,0.667,3,16044,1
21,3,79,0.57,blank,1.000,2,13483,1
21,1,13,0.28,mcq,0.750,4,17368,1
21,12,96,0.40,mcq,0.750,4,11073,1
21,4,194,0.38,blank,0.800,5,15396,1
21,5,297,0.37,mcq,1.000,3,13994,1
21,2,135,0.77,blank,0.714,7,15222,1
21,3,201,0.63,blank,1.000,3,14071,0
21,2,40,0.41,blank,0.750,8,16052,0
21,4,83,0.38,blank,0.833,6,14842,1
21,3,17,0.33,mcq,0.750,4,16081,1
21,2,280,0.90,mcq,0.667,9,16266,0
21,1,16,0.61,mcq,0.800,5,15952,1
21,9,59,0.66,blank,1.000,3,14041,0
21,4,65,0.55,blank,0.857,7,14344,1
21,5,151,0.43,blank,1.000,4,13439,1
21,8,99,0.44,mcq,1.000,2,13458,1
21,5,202,0.58,mcq,1.000,5,13918,1
21,2,250,0.18,blank,0.600,10,16899,1
21,7,56,0.59,mcq,1.000,4,12402,0
21,10,33,0.36,blank,0.000,0,0,1
21,8,151,0.47,mcq,1.000,3,12771,1
21,10,16,0.57,mcq,1.000,1,14448,1
21,2,38,0.52,mcq,0.700,10,15457,1
21,4,164,0.35,mcq,0.875,8,14527,1
21,12,120,0.61,mcq,0.800,5,10191,0
21,9,288,0.58,blank,0.750,4,15878,1
21,5,294,0.36,mcq,1.000,6,14816,1
21,11,101,0.18,blank,0.750,4,14866,1
21,1,64,0.52,mcq,0.833,6,16591,1
21,8,146,0.53,blank,1.000,4,13390,1
21,1,146,0.23,mcq,0.857,7,15999,1
21,3,21,0.55,mcq,0.800,5,16494,0
21,6,155,0.41,blank,1.000,1,18607,1
21,5,253,0.38,blank,1.000,7,13755,1
21,10,63,0.59,mcq,1.000,2,13549,1
21,6,72,0.53,blank,1.000,2,15877,1
21,2,46,0.81,mcq,0.800,10,15074,1
21,4,3,0.40,mcq,0.889,9,14162,1
21,12,156,0.54,mcq,0.667,6,11905,1
21,2,88,0.43,mcq,0.800,10,15855,1
21,3,300,0.37,blank,0.667,6,16656,1
22,5,106,0.41,mcq,0.000,0,0,1
22,12,111,0.87,blank,0.000,0,0,1
22,8,271,0.50,blank,0.000,0,0,1
22,9,79,0.64,blank,0.000,0,0,1
22,9,232,0.52,mcq,1.000,1,13417,1
22,10,85,0.14,blank,0.000,0,0,1
22,11,55,0.32,mcq,0.000,0,0,1
22,12,244,0.48,mcq,1.000,1,22633,1
22,11,182,0.29,blank,1.000,1,17593,1
22,7,226,0.49,mcq,0.000,0,0,1
22,5,100,0.41,blank,1.000,1,11650,0
22,5,266,0.49,blank,0.500,2,15080,1
22,7,59,0.49,blank,1.000,1,17355,1
22,1,142,0.64,blank,0.000,0,0,1
22,4,113,0.66,mcq,0.000,0,0,1
22,12,105,0.57,mcq,1.000,2,18814,1
22,6,95,0.27,blank,0.000,0,0,1
22,9,123,0.66,mcq,1.000,2,14764,0
22,3,73,0.42,blank,0.000,0,0,0
22,1,40,0.35,blank,1.000,1,14629,0
22,3,299,0.30,mcq,0.000,1,18943,0
22,1,291,0.31,blank,0.500,2,14798,1
22,11,76,0.79,mcq,1.000,2,14784,1
22,2,180,0.71,blank,0.000,0,0,1
22,9,181,0.44,blank,0.667,3,16179,1
22,5,248,0.36,mcq,0.667,3,15502,1
22,2,211,0.42,mcq,1.000,1,20206,1
22,4,221,0.40,mcq,1.000,1,14270,1
22,6,56,0.47,mcq,1.000,1,9230,1
22,5,270,0.64,mcq,0.750,4,13668,1
22,3,214,0.42,mcq,0.000,2,15551,1
22,5,63,0.43,mcq,0.800,5,13755,1
22,7,57,0.52,mcq,1.000,2,16397,1
22,1,149,0.18,mcq,0.667,3,14169,1
22,10,151,0.35,mcq,1.000,1,10286,1
22,1,251,0.33,mcq,0.750,4,13412,1
22,5,71,0.62,mcq,0.833,6,13937,1
22,6,288,0.68,mcq,1.000,2,12461,0
22,3,222,0.72,blank,0.333,3,16313,0
22,10,128,0.58,blank,1.000,2,11475,0
22,11,134,0.33,mcq,1.000,3,15925,1
22,5,297,0.36,mcq,0.857,7,14301,1
22,3,155,0.40,blank,0.250,4,17369,1
22,5,193,0.65,mcq,0.875,8,14066,1
22,7,184,0.63,mcq,1.000,3,14958,1
22,8,287,0.33,mcq,1.000,1,13515,1
22,1,155,0.63,mcq,0.800,5,13419,1
22,4,151,0.30,mcq,1.000,2,13431,0
22,1,266,0.46,mcq,0.833,6,13830,1
22,8,55,0.49,blank,1.000,2,14331,0
22,6,32,0.17,mcq,0.667,3,14345,1
22,2,105,0.43,mcq,1.000,2,18640,1
22,9,80,0.63,mcq,0.750,4,16426,1
22,5,103,0.25,mcq,0.889,9,14554,1
22,2,127,0.54,mcq,1.000,3,15916,1
22,4,63,0.48,mcq,0.667,3,14088,1
22,5,280,0.10,mcq,0.900,10,14012,1
22,5,222,0.57,mcq,0.900,10,14269,1
22,3,88,0.37,mcq,0.400,5,16353,1
22,9,52,0.44,mcq,0.800,5,17105,1
22,10,55,0.18,blank,0.667,3,13963,1
22,8,289,0.29,blank,0.667,3,15551,1
22,7,228,0.60,mcq,1.000,4,15796,0
22,1,235,0.59,blank,0.857,7,13565,0
22,5,108,0.56,mcq,1.000,10,13660,0
22,6,78,0.63,mcq,0.750,4,12877,1
22,6,72,0.32,mcq,0.800,5,13262,1
22,5,248,0.51,mcq,0.900,10,14000,1
22,7,260,0.69,blank,0.800,5,16712,0
22,11,179,0.36,blank,1.000,4,14678,0
22,10,82,0.31,blank,0.750,4,13312,1
22,4,119,0.52,mcq,0.750,4,14346,1
22,12,197,0.47,mcq,1.000,3,16695,1
22,7,38,0.51,blank,0.667,6,17338,1
22,8,165,0.47,mcq,0.750,4,15098,1
22,2,103,0.39,mcq,1.000,4,15968,1
22,4,83,0.45,blank,0.800,5,14660,1
22,7,50,0.58,blank,0.714,7,16956,1
22,4,291,0.55,blank,0.833,6,15057,0
22,9,271,0.56,mcq,0.833,6,16107,0
23,9,170,0.42,blank,0.000,0,0,0
23,1,184,0.52,mcq,0.000,0,0,1
23,2,124,0.52,blank,0.000,0,0,1
23,9,57,0.64,blank,0.000,1,19272,1
23,10,174,0.10,blank,0.000,0,0,1
23,7,281,0.44,mcq,0.000,0,0,1
23,12,253,0.30,mcq,0.000,0,0,1
23,2,19,0.53,mcq,1.000,1,14227,0
23,6,42,0.89,mcq,0.000,0,0,0
23,9,255,0.36,mcq,0.500,2,17380,1
23,9,117,0.48,mcq,0.667,3,16069,0
23,1,195,0.49,mcq,1.000,1,21096,1
23,11,194,0.44,mcq,0.000,0,0,1
23,12,61,0.65,mcq,1.000,1,16347,1
23,10,30,0.62,blank,1.000,1,11212,0
23,4,275,0.48,blank,0.000,0,0,0
23,10,30,0.76,mcq,0.500,2,15702,1
23,2,126,0.63,blank,0.500,2,15277,1
23,5,40,0.57,mcq,0.000,0,0,0
23,5,113,0.56,mcq,0.000,1,21724,0
23,8,126,0.35,mcq,0.000,0,0,1
23,9,178,0.57,mcq,0.500,4,17302,1
23,7,71,0.38,blank,1.000,1,16517,1
23,9,73,0.49,blank,0.600,5,16745,1
23,1,59,0.73,mcq,1.000,2,17853,1
23,1,44,0.40,blank,1.000,3,17627,1
23,1,197,0.41,mcq,1.000,4,16679,0
23,8,27,0.57,blank,1.000,1,7421,0
23,11,173,0.37,blank,1.000,1,13795,1
23,5,223,0.54,mcq,0.000,2,20420,1
23,7,284,0.53,mcq,1.000,2,13366,0
23,7,274,0.85,blank,0.667,3,13506,0
23,8,196,0.20,mcq,0.500,2,13848,1
23,8,141,0.44,blank,0.667,3,13625,1
23,2,20,0.76,blank,0.667,3,16021,0
23,10,7,0.43,blank,0.667,3,16935,0
23,2,228,0.36,mcq,0.500,4,17535,0
23,8,285,0.47,blank,0.750,4,12364,1
23,4,283,0.25,blank,0.000,1,22034,0
23,6,133,0.64,blank,0.000,1,22921,0
23,8,26,0.63,blank,0.800,5,12835,0
23,4,297,0.49,mcq,0.000,2,19916,0
23,6,133,0.73,blank,0.000,2,21384,0
23,5,23,0.80,mcq,0.333,3,17733,0
23,10,40,0.46,mcq,0.500,4,17725,1
23,4,37,0.52,mcq,0.000,3,19716,0
23,11,185,0.32,blank,1.000,2,15107,1
23,6,151,0.83,blank,0.000,3,21839,0
23,10,14,0.62,blank,0.600,5,17319,1
23,2,261,0.20,mcq,0.400,5,18174,1
23,10,77,0.35,blank,0.667,6,17248,1
23,7,115,0.47,mcq,0.500,4,15500,0
23,10,63,0.21,mcq,0.714,7,15848,1
23,9,163,0.52,mcq,0.667,6,17107,1
23,5,186,0.53,mcq,0.250,4,19059,1
23,4,210,0.16,blank,0.000,4,20365,1
23,6,248,0.65,blank,0.000,4,21910,1
23,10,65,0.49,blank,0.750,8,15305,0
23,9,134,0.46,mcq,0.714,7,16380,0
23,5,76,0.40,mcq,0.400,5,18934,1
23,10,233,0.10,blank,0.667,9,16185,1
23,1,241,0.54,mcq,0.800,5,17590,0
23,12,86,0.74,mcq,1.000,2,17934,1
23,2,182,0.69,mcq,0.500,6,16559,0
23,3,173,0.26,mcq,0.000,0,0,1
23,10,182,0.38,mcq,0.700,10,15605,1
23,8,245,0.67,mcq,0.667,6,14538,0
23,12,261,0.53,mcq,1.000,3,18923,0
23,2,233,0.46,mcq,0.429,7,17770,1
23,7,50,0.40,mcq,0.400,5,15408,1
23,4,297,0.40,mcq,0.200,5,18710,0
23,9,92,0.56,blank,0.625,8,17335,1
23,3,221,0.87,mcq,1.000,1,13983,0
23,9,85,0.38,blank,0.667,9,16907,1
23,2,133,0.40,blank,0.500,8,17400,1
23,10,106,0.46,mcq,0.700,10,15768,1
23,9,277,0.61,blank,0.700,10,17084,0
23,9,105,0.46,mcq,0.700,10,16832,1
23,5,233,0.67,mcq,0.500,6,18255,1
23,5,222,0.70,mcq,0.571,7,17913,1
24,12,20,0.14,mcq,0.000,0,0,1
24,7,286,0.68,mcq,0.000,0,0,1
24,11,126,0.58,mcq,0.000,0,0,0
24,3,241,0.14,blank,0.000,0,0,1
24,3,46,0.33,mcq,1.000,1,8030,1
24,9,286,0.64,blank,0.000,0,0,1
24,10,195,0.48,mcq,0.000,0,0,1
24,11,93,0.23,mcq,0.000,1,16996,1
24,5,201,0.65,mcq,0.000,0,0,1
24,10,148,0.32,blank,1.000,1,16261,1
24,7,238,0.61,mcq,1.000,1,19430,1
24,6,248,0.36,blank,0.000,0,0,1
24,8,111,0.23,blank,0.000,0,0,1
24,7,201,0.74,blank,1.000,2,17643,1
24,8,113,0.33,blank,1.000,1,9487,1
24,6,86,0.41,mcq,1.000,1,11380,1
24,9,169,0.52,mcq,1.000,1,13388,0
24,3,47,0.42,mcq,1.000,2,10601,0
24,12,26,0.37,mcq,1.000,1,10319,1
24,9,203,0.50,mcq,0.500,2,17990,0
24,12,111,0.49,mcq,1.000,2,12865,1
24,9,270,0.41,blank,0.333,3,19346,1
24,2,13,0.13,blank,0.000,0,0,1
24,4,194,0.26,blank,0.000,0,0,1
24,11,40,0.18,mcq,0.500,2,13471,0
24,2,278,0.17,mcq,1.000,1,10534,1
24,10,160,0.52,mcq,1.000,2,15678,1
24,6,52,0.19,blank,1.000,2,12384,1
24,5,114,0.68,blank,1.000,1,12482,1
24,7,126,0.26,mcq,1.000,3,18244,1
24,7,280,0.66,blank,1.000,4,16438,1
24,12,119,0.55,mcq,1.000,3,15029,1
24,8,43,0.29,mcq,1.000,2,11634,1
24,2,43,0.34,mcq,1.000,2,10728,1
24,3,120,0.17,mcq,0.667,3,12983,0
24,1,78,0.46,blank,0.000,0,0,1
24,1,108,0.35,mcq,1.000,1,12685,1
24,9,165,0.51,blank,0.500,4,16501,0
24,8,42,0.39,mcq,1.000,3,12705,0
24,2,267,0.39,blank,1.000,3,11283,1
24,12,218,0.54,mcq,1.000,4,15451,1
24,8,281,0.61,mcq,0.750,4,13236,0
24,7,139,0.33,mcq,1.000,5,16597,1
24,9,149,0.28,mcq,0.400,5,16427,1
24,9,129,0.32,mcq,0.500,6,16543,1
24,8,70,0.10,mcq,0.600,5,15432,1
24,3,77,0.12,blank,0.500,4,14173,1
24,8,49,0.90,blank,0.667,6,14786,0
24,9,35,0.37,mcq,0.571,7,15425,1
24,6,99,0.21,blank,1.000,3,12620,1
24,5,189,0.37,mcq,1.000,2,14515,1
24,10,104,0.49,mcq,1.000,3,15351,0
24,2,289,0.38,blank,1.000,4,11981,1
24,2,295,0.60,mcq,1.000,5,12168,1
24,10,243,0.10,mcq,0.750,4,14797,1
24,4,76,0.60,mcq,1.000,1,9358,1
24,3,27,0.64,blank,0.600,5,13272,0
24,3,257,0.26,mcq,0.500,6,15231,1
24,2,182,0.46,mcq,1.000,6,13208,0
24,5,110,0.53,blank,1.000,3,15931,1
24,3,287,0.77,mcq,0.571,7,14752,0
24,8,223,0.13,mcq,0.571,7,16475,1
24,11,178,0.43,blank,0.333,3,14933,1
24,12,98,0.23,mcq,1.000,5,15676,0
24,7,185,0.16,mcq,1.000,6,16194,1
24,9,130,0.53,blank,0.625,8,15216,0
24,9,246,0.67,blank,0.556,9,16025,1
24,7,293,0.72,blank,1.000,7,16022,0
24,1,252,0.72,mcq,1.000,2,14391,0
24,3,20,0.10,mcq,0.500,8,15491,1
24,6,68,0.83,blank,1.000,4,11352,0
24,2,32,0.15,blank,0.857,7,14324,1
24,6,9,0.63,mcq,0.800,5,13853,1
24,6,188,0.63,blank,0.833,6,14613,0
24,9,32,0.71,mcq,0.600,10,15961,0
24,2,89,0.56,blank,0.875,8,14169,1
24,8,2,0.69,mcq,0.625,8,15774,1
24,5,45,0.43,blank,1.000,4,15334,1
24,10,45,0.52,mcq,0.800,5,13080,1
24,3,6,0.35,blank,0.556,9,14997,1
25,3,140,0.41,mcq,0.000,0,0,0
25,4,251,0.52,mcq,0.000,0,0,1
25,6,88,0.30,mcq,0.000,0,0,1
25,1,223,0.68,blank,0.000,0,0,0
25,6,258,0.28,blank,1.000,1,11539,1
25,9,133,0.60,blank,0.000,0,0,0
25,4,96,0.41,blank,1.000,1,17072,0
25,8,18,0.60,blank,0.000,0,0,0
25,6,216,0.37,mcq,1.000,2,10473,1
25,8,157,0.32,blank,0.000,1,22791,0
25,3,234,0.34,blank,0.000,1,21067,0
25,10,130,0.28,blank,0.000,0,0,0
25,12,120,0.34,mcq,0.000,0,0,1
25,9,15,0.60,blank,0.000,1,16349,0
25,3,269,0.10,mcq,0.000,2,19220,0
25,4,28,0.67,blank,0.500,2,17532,0
25,2,85,0.34,mcq,0.000,0,0,1
25,8,42,0.55,mcq,0.000,2,21359,1
25,3,285,0.46,blank,0.000,3,17402,1
25,6,202,0.56,blank,1.000,3,10356,0
25,12,125,0.50,blank,1.000,1,14651,1
25,2,168,0.33,mcq,1.000,1,17027,1
25,5,37,0.57,mcq,0.000,0,0,1
25,6,92,0.16,mcq,0.750,4,12696,1
25,4,204,0.34,mcq,0.333,3,18387,0
25,2,223,0.39,blank,1.000,2,15704,1
25,2,199,0.31,mcq,1.000,3,14669,1
25,11,84,0.47,mcq,0.000,0,0,0
25,7,52,0.31,mcq,0.000,0,0,1
25,11,295,0.66,blank,0.000,1,18048,0
25,9,206,0.30,mcq,0.000,2,19086,0
25,7,231,0.47,blank,1.000,1,8393,0
25,9,187,0.31,blank,0.000,3,18876,1
25,2,41,0.56,mcq,1.000,4,14952,0
25,3,264,0.89,mcq,0.250,4,17103,0
25,10,63,0.42,blank,0.000,1,15121,1
25,8,218,0.39,mcq,0.333,3,19448,1
25,6,151,0.31,blank,0.800,5,12389,1
25,6,58,0.28,blank,0.833,6,11811,1
25,6,274,0.42,blank,0.857,7,12083,1
25,2,177,0.52,mcq,0.800,5,14539,0
25,8,269,0.40,mcq,0.500,4,18068,0
25,10,52,0.38,blank,0.500,2,13229,1
25,7,155,0.16,blank,0.500,2,12466,1
25,7,41,0.36,mcq,0.667,3,11850,1
25,7,264,0.76,mcq,0.750,4,12441,0
25,9,243,0.53,mcq,0.250,4,17838,1
25,4,142,0.46,mcq,0.250,4,18472,0
25,9,140,0.33,mcq,0.400,5,17050,1
25,1,137,0.42,mcq,0.000,1,20091,1
25,8,10,0.10,blank,0.400,5,17666,1
25,12,236,0.42,blank,1.000,2,16184,0
25,10,286,0.24,mcq,0.667,3,13427,1
25,1,256,0.36,mcq,0.500,2,17203,1
25,4,293,0.34,blank,0.200,5,17954,1
25,2,272,0.29,blank,0.667,6,15490,1
25,6,80,0.35,mcq,0.875,8,11953,1
25,10,12,0.23,mcq,0.750,4,13433,1
25,5,68,0.25,blank,1.000,1,12219,0
25,7,57,0.18,blank,0.600,5,14188,1
25,10,206,0.36,mcq,0.800,5,12750,0
25,9,164,0.20,mcq,0.500,6,15876,1
25,6,163,0.27,mcq,0.889,9,12528,1
25,9,238,0.27,mcq,0.571,7,15557,1
25,5,148,0.54,mcq,0.500,2,13628,1
25,1,51,0.29,mcq,0.667,3,16530,1
25,7,15,0.29,mcq,0.667,6,13170,1
25,10,293,0.49,mcq,0.667,6,14324,1
25,12,242,0.42,mcq,0.667,3,17074,1
25,11,200,0.60,mcq,0.000,2,17773,0
25,9,123,0.33,mcq,0.625,8,15080,1
25,3,34,0.17,blank,0.200,5,18465,1
25,1,124,0.50,blank,0.750,4,15406,0
25,3,170,0.66,blank,0.333,6,17342,0
25,3,209,0.46,blank,0.286,7,17780,0
25,9,134,0.81,blank,0.667,9,14834,0
25,12,13,0.17,mcq,0.750,4,16380,0
25,8,21,0.16,blank,0.500,6,15758,1
25,6,64,0.12,mcq,0.900,10,12227,1
25,2,58,0.54,mcq,0.714,7,14728,0
26,6,291,0.40,mcq,0.000,0,0,0
26,5,114,0.20,blank,0.000,0,0,1
26,6,291,0.19,blank,0.000,1,20344,1
26,11,66,0.35,mcq,0.000,0,0,1
26,3,109,0.17,blank,0.000,0,0,1
26,10,265,0.37,blank,0.000,0,0,1
26,7,257,0.10,mcq,0.000,0,0,1
26,6,269,0.28,mcq,0.500,2,15028,1
26,8,176,0.62,blank,0.000,0,0,0
26,4,62,0.40,blank,0.000,0,0,0
26,11,7,0.52,mcq,1.000,1,16968,1
26,12,104,0.63,mcq,0.000,0,0,1
26,6,35,0.36,blank,0.667,3,14006,1
26,5,29,0.24,mcq,1.000,1,9001,1
26,8,126,0.33,blank,0.000,1,25237,1
26,4,283,0.38,blank,0.000,1,19498,1
26,5,68,0.55,mcq,1.000,2,9930,1
26,9,245,0.41,blank,0.000,0,0,0
26,8,38,0.75,blank,0.500,2,18689,0
26,4,111,0.26,mcq,0.500,2,15226,1
26,10,58,0.22,mcq,1.000,1,16595,1
26,12,234,0.69,blank,1.000,1,12933,0
26,1,169,0.45,blank,0.000,0,0,1
26,9,273,0.30,mcq,0.000,1,19533,1
26,4,58,0.30,mcq,0.667,3,14302,1
26,3,84,0.29,mcq,1.000,1,7967,1
26,3,227,0.63,blank,1.000,2,10324,0
26,6,119,0.31,blank,0.750,4,13284,1
26,4,154,0.40,mcq,0.750,4,14676,1
26,10,203,0.52,blank,1.000,2,14230,1
26,3,243,0.60,blank,0.667,3,14072,0
26,11,135,0.30,mcq,1.000,2,17487,1
26,8,182,0.76,blank,0.333,3,20802,1
26,12,3,0.39,mcq,0.500,2,15665,1
26,7,234,0.62,mcq,1.000,1,10973,1
26,5,151,0.73,blank,1.000,3,12106,0
26,6,103,0.64,blank,0.800,5,12685,0
26,4,83,0.31,blank,0.800,5,14891,1
26,6,24,0.38,mcq,0.667,6,14078,0
26,11,193,0.10,mcq,1.000,3,15352,1
26,1,146,0.66,blank,1.000,1,16931,1
26,2,212,0.10,blank,0.000,0,0,0
26,3,225,0.62,mcq,0.500,4,14912,0
26,4,150,0.34,mcq,0.833,6,14220,1
26,12,161,0.76,blank,0.667,3,15652,0
26,6,240,0.61,mcq,0.571,7,13732,1
26,4,131,0.29,mcq,0.857,7,14459,1
26,10,203,0.45,blank,1.000,3,15757,1
26,8,192,0.55,blank,0.500,4,19664,0
26,1,168,0.10,mcq,1.000,2,17968,1
26,9,290,0.21,mcq,0.500,2,16196,1
26,2,45,0.76,mcq,0.000,1,15107,0
26,10,221,0.67,mcq,1.000,4,15281,0
26,5,170,0.10,mcq,0.750,4,14635,1
26,2,222,0.55,mcq,0.000,2,18258,0
26,1,5,0.33,mcq,1.000,3,14275,1
26,4,168,0.40,mcq,0.875,8,14285,1
26,9,182,0.19,mcq,0.667,3,14711,1
26,12,93,0.52,mcq,0.500,4,17406,1
26,2,277,0.69,mcq,0.000,3,19688,0
26,6,107,0.60,blank,0.625,8,13867,1
26,4,112,0.39,blank,0.889,9,14380,0
26,6,193,0.81,mcq,0.667,9,14062,1
26,1,229,0.17,mcq,1.000,4,14242,1
26,8,48,0.35,blank,0.400,5,18752,1
26,3,108,0.21,mcq,0.400,5,15539,1
26,2,213,0.73,blank,0.000,4,20228,0
26,4,261,0.47,mcq,0.800,10,14956,1
26,2,52,0.48,blank,0.000,5,20224,1
26,6,154,0.35,blank,0.700,10,14619,0
26,4,242,0.53,mcq,0.900,10,14575,1
26,1,73,0.59,mcq,1.000,5,13889,1
26,4,241,0.46,mcq,0.900,10,15010,1
26,1,191,0.75,mcq,1.000,6,14148,0
26,10,78,0.36,blank,0.800,5,16107,1
26,12,84,0.55,blank,0.600,5,16758,0
26,1,136,0.30,mcq,0.857,7,15512,0
26,10,18,0.31,blank,0.833,6,15765,1
26,12,269,0.73,blank,0.500,6,16650,1
26,3,34,0.47,mcq,0.500,6,14853,1
27,6,293,0.71,blank,0.000,0,0,0
27,4,43,0.60,mcq,0.000,0,0,1
27,12,116,0.60,mcq,0.000,0,0,1
27,5,267,0.56,blank,0.000,0,0,0
27,9,217,0.12,mcq,0.000,0,0,1
27,6,198,0.32,mcq,0.000,1,20498,1
27,11,18,0.56,blank,0.000,0,0,1
27,4,177,0.53,mcq,1.000,1,18363,0
27,4,110,0.22,mcq,0.500,2,19820,1
27,8,264,0.29,blank,0.000,0,0,1
27,6,250,0.25,blank,0.500,2,15300,0
27,9,135,0.37,mcq,1.000,1,8019,0
27,2,49,0.49,blank,0.000,0,0,1
27,4,65,0.78,blank,0.667,3,15986,0
27,6,259,0.38,mcq,0.333,3,17042,1
27,3,114,0.11,mcq,0.000,0,0,1
27,1,289,0.54,mcq,0.000,0,0,0
27,9,272,0.13,blank,0.500,2,12893,1
27,3,116,0.39,blank,1.000,1,13858,0
27,12,143,0.70,mcq,1.000,1,17644,0
27,1,216,0.87,blank,0.000,1,23447,0
27,8,129,0.35,mcq,1.000,1,10266,1
27,12,35,0.30,mcq,0.500,2,21947,1
27,1,125,0.45,mcq,0.000,2,22694,1
27,7,180,0.51,blank,0.000,0,0,1
27,2,300,0.52,blank,1.000,1,12270,1
27,11,6,0.56,mcq,1.000,1,16262,0
27,11,242,0.57,blank,0.500,2,19110,0
27,4,233,0.37,blank,0.500,4,17410,0
27,3,140,0.90,mcq,0.500,2,16186,0
27,1,300,0.17,blank,0.333,3,19484,1
27,3,116,0.65,mcq,0.333,3,19715,0
27,9,186,0.90,mcq,0.667,3,11884,0
27,4,216,0.63,mcq,0.400,5,17057,0
27,1,142,0.22,blank,0.500,4,18268,0
27,5,183,0.35,mcq,0.000,1,23028,1
27,2,114,0.73,mcq,1.000,2,16741,0
27,10,250,0.32,mcq,0.000,0,0,0
27,9,196,0.27,mcq,0.500,4,16173,0
27,1,295,0.26,mcq,0.400,5,16972,0
27,2,216,0.68,blank,0.667,3,18535,0
27,7,236,0.44,mcq,1.000,1,11594,1
27,10,222,0.48,blank,0.000,1,17641,0
27,11,169,0.56,blank,0.333,3,19817,0
27,2,130,0.40,blank,0.500,4,19894,1
27,6,229,0.52,mcq,0.500,4,16805,1
27,1,83,0.32,mcq,0.333,6,16491,0
27,4,179,0.11,mcq,0.333,6,17193,1
27,3,117,0.65,blank,0.250,4,19304,0
27,6,161,0.49,mcq,0.600,5,16072,0
27,10,249,0.33,blank,0.000,2,17954,1
27,6,87,0.35,blank,0.500,6,16369,1
27,6,287,0.57,blank,0.571,7,16243,0
27,5,102,0.46,blank,0.500,2,17238,0
27,2,135,0.65,mcq,0.600,5,19175,1
27,3,54,0.40,blank,0.200,5,18784,0
27,12,43,0.60,blank,0.667,3,18599,0
27,6,141,0.64,blank,0.500,8,16707,0
27,1,116,0.11,mcq,0.286,7,17042,1
27,8,11,0.37,blank,1.000,2,11895,1
27,10,99,0.26,mcq,0.333,3,16316,0
27,7,199,0.54,blank,1.000,2,12586,0
27,12,221,0.43,blank,0.500,4,17794,0
27,6,40,0.18,blank,0.444,9,17153,1
27,12,276,0.69,mcq,0.400,5,18750,1
27,10,244,0.80,mcq,0.250,4,16330,0
27,9,284,0.32,mcq,0.400,5,15780,0
27,4,255,0.22,blank,0.429,7,15963,1
27,10,287,0.10,blank,0.200,5,18602,1
27,11,182,0.61,mcq,0.250,4,19540,1
27,2,15,0.59,blank,0.667,6,19092,0
27,12,203,0.29,mcq,0.500,6,19116,1
27,4,120,0.37,mcq,0.500,8,15511,1
27,10,162,0.51,mcq,0.333,6,17604,0
27,1,37,0.51,mcq,0.375,8,16221,0
27,10,92,0.62,blank,0.286,7,17421,1
27,3,49,0.86,mcq,0.167,6,18123,0
27,7,243,0.10,blank,0.667,3,15792,1
27,3,221,0.52,blank,0.143,7,19011,1
27,5,42,0.34,mcq,0.333,3,16628,1
28,1,89,0.52,blank,0.000,0,0,1
28,4,50,0.31,mcq,0.000,0,0,0
28,11,91,0.66,mcq,0.000,0,0,0
28,9,276,0.65,blank,0.000,0,0,1
28,2,93,0.50,blank,0.000,0,0,1
28,10,173,0.10,mcq,0.000,0,0,1
28,8,60,0.65,blank,0.000,0,0,0
28,11,252,0.30,blank,0.000,1,19127,1
28,4,246,0.46,blank,0.000,1,14519,0
28,11,165,0.36,blank,0.500,2,15457,0
28,9,103,0.19,mcq,1.000,1,20489,1
28,5,219,0.37,blank,0.000,0,0,0
28,7,288,0.38,blank,0.000,0,0,1
28,8,29,0.33,mcq,0.000,1,19485,0
28,9,293,0.51,blank,1.000,2,15142,0
28,9,156,0.52,blank,0.667,3,15985,1
28,7,223,0.63,blank,1.000,1,13987,0
28,12,23,0.10,mcq,0.000,0,0,1
28,4,38,0.81,mcq,0.000,2,16195,0
28,12,196,0.49,mcq,1.000,1,9948,1
28,4,170,0.52,blank,0.000,3,19549,0
28,3,23,0.79,blank,0.000,0,0,0
28,3,217,0.54,mcq,0.000,1,22049,0
28,11,140,0.13,mcq,0.333,3,14539,1
28,7,98,0.38,mcq,0.500,2,20233,1
28,8,230,0.45,mcq,0.000,2,17550,1
28,3,251,0.38,mcq,0.000,2,21465,1
28,2,204,0.52,mcq,1.000,1,13033,1
28,5,62,0.31,mcq,0.000,1,19856,1
28,7,255,0.62,mcq,0.667,3,17211,0
28,4,118,0.86,mcq,0.000,4,19297,1
28,1,124,0.51,mcq,1.000,1,12184,0
28,7,22,0.31,blank,0.500,4,16840,1
28,11,163,0.73,blank,0.500,4,12995,0
28,1,90,0.10,blank,0.500,2,14943,0
28,6,150,0.10,blank,0.000,0,0,1
28,9,225,0.56,blank,0.750,4,16286,0
28,1,286,0.50,blank,0.333,3,13845,1
28,3,210,0.74,blank,0.333,3,18338,0
28,9,190,0.21,blank,0.600,5,17086,1
28,1,289,0.50,blank,0.500,4,13953,1
28,1,19,0.57,blank,0.600,5,14351,1
28,10,293,0.42,mcq,1.000,1,9577,1
28,11,122,0.24,blank,0.400,5,14404,0
28,11,246,0.31,mcq,0.333,6,15072,0
28,3,90,0.10,blank,0.250,4,20483,1
28,7,154,0.82,blank,0.600,5,15648,1
28,3,206,0.63,mcq,0.400,5,18718,0
28,3,214,0.54,mcq,0.333,6,19134,0
28,8,167,0.43,blank,0.333,3,16618,1
28,11,98,0.22,blank,0.286,7,15330,1
28,10,238,0.57,mcq,1.000,2,11710,0
28,9,202,0.66,blank,0.667,6,16027,1
28,3,212,0.23,mcq,0.286,7,18903,0
28,1,265,0.50,mcq,0.667,6,13943,0
28,7,89,0.53,mcq,0.667,6,16179,1
28,5,295,0.72,mcq,0.500,2,16035,0
28,4,250,0.54,blank,0.200,5,20488,0
28,6,19,0.21,mcq,1.000,1,11471,1
28,11,28,0.50,blank,0.375,8,15162,0
28,6,78,0.54,mcq,1.000,2,10168,1
28,4,229,0.43,mcq,0.167,6,20618,1
28,8,82,0.39,blank,0.500,4,15329,0
28,3,288,0.50,mcq,0.250,8,18580,1
28,9,128,0.26,blank,0.714,7,15668,1
28,2,70,0.40,mcq,1.000,2,15124,0
28,7,186,0.25,mcq,0.714,7,16416,1
28,8,291,0.35,mcq,0.400,5,16065,0
28,6,70,0.85,mcq,1.000,3,11376,1
28,10,101,0.39,blank,0.667,3,16032,0
28,11,254,0.33,mcq,0.333,9,15653,1
28,1,130,0.28,mcq,0.571,7,14975,1
28,4,164,0.10,mcq,0.286,7,19813,1
28,3,222,0.58,blank,0.333,9,18297,0
28,6,42,0.74,mcq,1.000,4,12116,0
28,6,294,0.36,mcq,0.800,5,14278,0
28,1,139,0.41,mcq,0.625,8,14353,1
28,12,218,0.33,mcq,1.000,2,13199,0
28,7,99,0.42,blank,0.750,8,15922,1
28,8,164,0.44,mcq,0.333,6,16123,0
29,12,236,0.58,mcq,0.000,0,0,1
29,11,72,0.67,blank,0.000,0,0,1
29,4,47,0.81,blank,0.000,0,0,0
29,1,199,0.20,blank,0.000,0,0,1
29,6,254,0.37,mcq,0.000,0,0,1
29,10,32,0.40,mcq,0.000,0,0,1
29,8,74,0.46,blank,0.000,0,0,1
29,9,97,0.35,blank,0.000,0,0,1
29,3,152,0.63,blank,0.000,0,0,1
29,10,177,0.23,blank,1.000,1,11031,1
29,12,145,0.45,mcq,1.000,1,11197,1
29,3,221,0.51,blank,1.000,1,13087,0
29,2,46,0.27,mcq,0.000,0,0,0
29,6,34,0.11,blank,1.000,1,12243,1
29,10,246,0.42,mcq,1.000,2,12335,0
29,6,98,0.14,blank,1.000,2,9810,0
29,4,237,0.40,blank,0.000,1,19879,1
29,6,238,0.76,mcq,0.667,3,11453,0
29,8,72,0.62,blank,1.000,1,14754,0
29,6,223,0.18,blank,0.500,4,13557,1
29,11,9,0.54,mcq,1.000,1,13919,1
29,7,82,0.31,blank,0.000,0,0,1
29,5,256,0.62,blank,0.000,0,0,1
29,7,181,0.13,mcq,1.000,1,13052,1
29,2,121,0.60,mcq,0.000,1,11524,1
29,9,158,0.75,mcq,1.000,1,12414,1
29,11,63,0.59,mcq,1.000,2,14270,1
29,10,66,0.55,mcq,0.667,3,15838,0
29,6,127,0.26,blank,0.600,5,13768,1
29,4,244,0.71,mcq,0.500,2,16674,0
29,5,66,0.23,blank,1.000,1,12135,1
29,6,122,0.50,mcq,0.667,6,13311,0
29,4,49,0.25,blank,0.333,3,17848,1
29,7,137,0.45,blank,1.000,2,12757,1
29,2,74,0.15,mcq,0.500,2,14283,1
29,6,168,0.49,blank,0.571,7,13661,1
29,6,164,0.54,blank,0.625,8,13718,1
29,8,97,0.69,mcq,0.500,2,19266,0
29,10,269,0.33,blank,0.500,4,17150,0
29,9,6,0.39,mcq,1.000,2,14446,0
29,5,216,0.44,blank,1.000,2,11378,1
29,2,196,0.24,mcq,0.667,3,13587,1
29,9,234,0.56,blank,0.667,3,16949,0
29,5,166,0.53,blank,1.000,3,12821,1
29,1,162,0.71,mcq,1.000,1,12955,1
29,12,92,0.42,mcq,1.000,2,12953,1
29,6,292,0.22,mcq,0.667,9,13634,1
29,1,33,0.50,mcq,1.000,2,16989,1
29,2,48,0.50,blank,0.750,4,13950,0
29,6,253,0.61,mcq,0.700,10,13158,0
29,7,80,0.24,mcq,1.000,3,12140,1
29,9,134,0.60,mcq,0.500,4,18199,1
29,4,116,0.47,mcq,0.500,4,16430,1
29,8,71,0.57,blank,0.333,3,19849,1
29,9,262,0.37,mcq,0.600,5,16966,1
29,5,21,0.18,mcq,1.000,4,14261,1
29,4,42,0.35,mcq,0.600,5,16783,1
29,10,78,0.61,mcq,0.400,5,16857,1
29,9,192,0.70,mcq,0.667,6,16761,1
29,9,101,0.19,mcq,0.714,7,16880,1
29,6,229,0.59,mcq,0.600,10,13928,1
29,10,58,0.71,mcq,0.500,6,16427,1
29,1,292,0.38,mcq,1.000,3,16118,1
29,12,156,0.44,mcq,1.000,3,13453,1
29,6,130,0.20,blank,0.600,10,14653,1
29,4,171,0.30,blank,0.667,6,16025,1
29,4,201,0.16,mcq,0.714,7,15506,1
29,10,128,0.46,mcq,0.571,7,16481,1
29,2,6,0.17,mcq,0.600,5,15147,1
29,5,82,0.59,blank,1.000,5,13683,1
29,2,191,0.57,blank,0.667,6,13887,1
29,2,62,0.40,blank,0.714,7,14245,1
29,5,105,0.58,mcq,1.000,6,13928,0
29,2,244,0.71,mcq,0.750,8,14638,1
29,3,297,0.53,blank,0.500,2,16278,0
29,12,79,0.32,mcq,1.000,4,12490,1
29,4,239,0.70,blank,0.750,8,14938,1
29,7,144,0.46,mcq,1.000,4,11859,1
29,12,140,0.41,mcq,1.000,5,12411,1
29,4,289,0.47,blank,0.778,9,15376,1
30,6,209,0.42,blank,0.000,0,0,0
30,3,76,0.30,mcq,0.000,0,0,1
30,11,222,0.45,mcq,0.000,0,0,1
30,2,239,0.15,blank,0.000,0,0,1
30,8,260,0.46,blank,0.000,0,0,1
30,11,294,0.55,mcq,1.000,1,11505,0
30,3,215,0.77,mcq,1.000,1,11410,1
30,2,131,0.68,mcq,1.000,1,7691,1
30,9,172,0.39,blank,0.000,0,0,1
30,8,203,0.67,mcq,1.000,1,9526,1
30,9,55,0.35,mcq,1.000,1,12447,1
30,4,97,0.32,mcq,0.000,0,0,0
30,12,74,0.77,mcq,0.000,0,0,1
30,2,108,0.40,mcq,1.000,2,12303,1
30,9,152,0.16,blank,1.000,2,11786,1
30,2,232,0.54,mcq,1.000,3,12122,1
30,2,154,0.30,mcq,1.000,4,14090,1
30,6,245,0.36,mcq,0.000,1,14913,1
30,11,164,0.41,mcq,0.500,2,16460,1
30,6,276,0.72,mcq,0.500,2,14648,0
30,2,252,0.24,mcq,1.000,5,14015,1
30,1,130,0.11,mcq,0.000,0,0,1
30,9,49,0.56,mcq,1.000,3,9947,1
30,8,166,0.33,mcq,1.000,2,14622,1
30,5,49,0.18,mcq,0.000,0,0,1
30,1,260,0.35,mcq,1.000,1,14752,1
30,8,275,0.55,blank,1.000,3,14590,1
30,11,90,0.43,blank,0.667,3,15454,1
30,8,57,0.42,blank,1.000,4,15018,1
30,11,3,0.64,blank,0.750,4,14652,1
30,7,23,0.50,mcq,0.000,0,0,0
30,5,118,0.52,mcq,1.000,1,9944,0
30,12,72,0.19,mcq,1.000,1,18253,1
30,3,188,0.42,mcq,1.000,2,14484,1
30,12,279,0.19,mcq,1.000,2,15410,1
30,2,35,0.41,mcq,1.000,6,13914,1
30,2,260,0.76,mcq,1.000,7,13959,1
30,4,293,0.76,blank,0.000,1,14767,1
30,3,135,0.35,mcq,1.000,3,12336,1
30,8,287,0.74,blank,1.000,5,15112,1
30,1,6,0.46,blank,1.000,2,12456,1
30,6,300,0.74,blank,0.333,3,17246,0
30,9,246,0.82,blank,1.000,4,11656,0
30,4,199,0.53,mcq,0.500,2,15006,1
30,9,66,0.30,mcq,0.800,5,13951,1
30,9,38,0.64,mcq,0.833,6,13338,0
30,10,116,0.58,mcq,0.000,0,0,1
30,5,203,0.20,blank,0.500,2,15615,1
30,1,116,0.55,blank,1.000,3,13616,1
30,12,209,0.62,mcq,1.000,3,14607,1
30,11,255,0.63,blank,0.800,5,15853,1
30,2,75,0.41,blank,1.000,8,14820,1
30,11,175,0.59,blank,0.833,6,15538,0
30,5,241,0.58,mcq,0.667,3,14981,0
30,9,287,0.15,mcq,0.714,7,14858,1
30,11,47,0.24,mcq,0.714,7,16259,1
30,12,129,0.29,mcq,1.000,4,14679,1
30,11,161,0.43,blank,0.750,8,15431,1
30,6,172,0.64,blank,0.250,4,18824,1
30,9,97,0.38,mcq,0.750,8,14388,1
30,10,186,0.53,mcq,1.000,1,18966,1
30,12,89,0.30,mcq,1.000,5,14258,1
30,2,173,0.39,mcq,1.000,9,14747,1
30,3,139,0.70,blank,1.000,4,11968,1
30,10,64,0.29,blank,1.000,2,16705,1
30,7,131,0.65,blank,0.000,1,14555,1
30,8,291,0.10,mcq,1.000,6,15874,1
30,7,56,0.47,mcq,0.500,2,12363,0
30,8,28,0.31,blank,1.000,7,15370,1
30,1,50,0.53,mcq,1.000,4,15060,1
30,12,6,0.40,mcq,1.000,6,13878,1
30,2,119,0.32,blank,1.000,10,14137,1
30,4,122,0.28,blank,0.667,3,15987,1
30,3,197,0.69,mcq,1.000,5,12459,1
30,4,139,0.42,blank,0.750,4,14523,1
30,8,85,0.55,mcq,1.000,8,15137,1
30,3,223,0.58,blank,1.000,6,13333,1
30,10,42,0.67,mcq,1.000,3,15493,1
30,7,195,0.40,mcq,0.333,3,14704,1
30,1,269,0.31,mcq,1.000,5,14798,1
